/*
SQLyog Community v13.1.7 (64 bit)
MySQL - 10.4.24-MariaDB : Database - cielocrm
*********************************************************************
*/

/*!40101 SET NAMES utf8 */;

/*!40101 SET SQL_MODE=''*/;

/*!40014 SET @OLD_UNIQUE_CHECKS=@@UNIQUE_CHECKS, UNIQUE_CHECKS=0 */;
/*!40014 SET @OLD_FOREIGN_KEY_CHECKS=@@FOREIGN_KEY_CHECKS, FOREIGN_KEY_CHECKS=0 */;
/*!40101 SET @OLD_SQL_MODE=@@SQL_MODE, SQL_MODE='NO_AUTO_VALUE_ON_ZERO' */;
/*!40111 SET @OLD_SQL_NOTES=@@SQL_NOTES, SQL_NOTES=0 */;
/*Table structure for table `ascs` */

DROP TABLE IF EXISTS `ascs`;

CREATE TABLE `ascs` (
  `id` bigint(20) unsigned NOT NULL AUTO_INCREMENT,
  `tv_m_f` varchar(100) COLLATE utf8mb4_unicode_ci NOT NULL,
  `name` varchar(255) COLLATE utf8mb4_unicode_ci NOT NULL,
  `address` varchar(255) COLLATE utf8mb4_unicode_ci NOT NULL,
  `city` varchar(100) COLLATE utf8mb4_unicode_ci NOT NULL,
  `province` varchar(100) COLLATE utf8mb4_unicode_ci NOT NULL,
  `zip_code` varchar(100) COLLATE utf8mb4_unicode_ci NOT NULL,
  `phone` varchar(50) COLLATE utf8mb4_unicode_ci NOT NULL,
  `email` varchar(255) COLLATE utf8mb4_unicode_ci NOT NULL,
  `user_id` int(11) NOT NULL,
  `created_at` timestamp NULL DEFAULT NULL,
  `updated_at` timestamp NULL DEFAULT NULL,
  PRIMARY KEY (`id`),
  KEY `asc_user_id_foreign` (`user_id`),
  CONSTRAINT `asc_user_id_foreign` FOREIGN KEY (`user_id`) REFERENCES `users` (`id`)
) ENGINE=InnoDB AUTO_INCREMENT=2 DEFAULT CHARSET=utf8mb4 COLLATE=utf8mb4_unicode_ci;

/*Data for the table `ascs` */

insert  into `ascs`(`id`,`tv_m_f`,`name`,`address`,`city`,`province`,`zip_code`,`phone`,`email`,`user_id`,`created_at`,`updated_at`) values 
(1,'TV, M','MSJ Electronic Service LTD','10365-61 Ave','Edmonton','AB','T6H 1L1','(780) 426-1560','Service@MSJelectronic.com',70,'2022-10-12 20:40:22','2022-10-12 20:40:22');

/*Table structure for table `brands` */

DROP TABLE IF EXISTS `brands`;

CREATE TABLE `brands` (
  `id` bigint(20) unsigned NOT NULL AUTO_INCREMENT,
  `brand_name` varchar(255) COLLATE utf8mb4_unicode_ci NOT NULL,
  `created_at` timestamp NULL DEFAULT NULL,
  `updated_at` timestamp NULL DEFAULT NULL,
  PRIMARY KEY (`id`)
) ENGINE=InnoDB AUTO_INCREMENT=2 DEFAULT CHARSET=utf8mb4 COLLATE=utf8mb4_unicode_ci;

/*Data for the table `brands` */

insert  into `brands`(`id`,`brand_name`,`created_at`,`updated_at`) values 
(1,'BUD LIGHT','2022-09-22 17:42:30','2022-09-23 01:55:35');

/*Table structure for table `common_issues` */

DROP TABLE IF EXISTS `common_issues`;

CREATE TABLE `common_issues` (
  `id` bigint(20) unsigned NOT NULL AUTO_INCREMENT,
  `name` varchar(255) COLLATE utf8mb4_unicode_ci NOT NULL,
  `parent_id` int(11) NOT NULL DEFAULT 0,
  `created_at` timestamp NULL DEFAULT NULL,
  `updated_at` timestamp NULL DEFAULT NULL,
  PRIMARY KEY (`id`)
) ENGINE=InnoDB AUTO_INCREMENT=649 DEFAULT CHARSET=utf8mb4 COLLATE=utf8mb4_unicode_ci;

/*Data for the table `common_issues` */

insert  into `common_issues`(`id`,`name`,`parent_id`,`created_at`,`updated_at`) values 
(1,'Power',0,NULL,NULL),
(2,'No Power',1,NULL,NULL),
(3,'Functional Issue',0,NULL,NULL),
(4,'Incorrect Date/Time',3,NULL,NULL),
(5,'Blank screen',3,NULL,NULL),
(6,'Lines on screen',3,NULL,NULL),
(7,'No Slideshow',3,NULL,NULL),
(8,'USB/SD card slot not working',3,NULL,NULL),
(9,'Incorrect Language',3,NULL,NULL),
(10,'Cannot adjust Brightness/Contrast',3,NULL,NULL),
(11,'Accessory',0,NULL,NULL),
(12,'Stand Missing',11,NULL,NULL),
(13,'Adapter Missing',11,NULL,NULL),
(14,'Damaged/Defective',11,NULL,NULL),
(15,'Part Request',11,NULL,NULL),
(16,'General inquiry',0,NULL,NULL),
(17,'Ask for manual',16,NULL,NULL),
(18,'Pre-sale or feature inquiry',16,NULL,NULL),
(19,'Purchasing inquiry',16,NULL,NULL),
(20,'Functional issues',0,NULL,NULL),
(21,'Remote control failed',20,NULL,NULL),
(22,'Remote control failed',20,NULL,NULL),
(23,'Remote control failed',21,NULL,NULL),
(24,'No LED Indication',1,NULL,NULL),
(25,'Unable to Power On',1,NULL,NULL),
(26,'Pump/Compressor not turning ON',1,NULL,NULL),
(27,'Switches/Knobs not working',1,NULL,NULL),
(28,'Not Cooling',3,NULL,NULL),
(29,'Water Full Error',3,NULL,NULL),
(30,'Water Leaking',3,NULL,NULL),
(31,'Auto Swing not working',3,NULL,NULL),
(32,'Accessories',0,NULL,NULL),
(33,'Missing',32,NULL,NULL),
(34,'Remote Missing',32,NULL,NULL),
(35,'Remote not working',32,NULL,NULL),
(36,'Part Request',32,NULL,NULL),
(37,'Delayed Cooling',3,NULL,NULL),
(38,'Making Loud Noise',3,NULL,NULL),
(39,'Foul Odour',3,NULL,NULL),
(40,'Unable to Power On',1,NULL,NULL),
(41,'No LED Indication',1,NULL,NULL),
(42,'Error Code \"E1\"',20,NULL,NULL),
(43,'Error Code \"E2\"',20,NULL,NULL),
(44,'Steam Is Coming Out',20,NULL,NULL),
(45,'White Smoke Is Coming Out',20,NULL,NULL),
(46,'Dark Smoke Is Coming Out',20,NULL,NULL),
(47,'Foods Cooked Unevenly',20,NULL,NULL),
(48,'Not Crispy After Air Frying',20,NULL,NULL),
(49,'Ask for manual',16,NULL,NULL),
(50,'Pre-sale or feature inquiry',16,NULL,NULL),
(51,'Purchasing inquiry',16,NULL,NULL),
(52,'No LED Indication',1,NULL,NULL),
(53,'Per',0,NULL,NULL),
(54,'Unable to Power On',53,NULL,NULL),
(55,'Not heating',3,NULL,NULL),
(56,'Temperature control not working',3,NULL,NULL),
(57,'Foul taste and Odour',3,NULL,NULL),
(58,'Buttons/keys not working',3,NULL,NULL),
(59,'Timer not working',3,NULL,NULL),
(60,'Chamber Sticking',3,NULL,NULL),
(61,'Ask for manual',16,NULL,NULL),
(62,'Ask for firmware update',16,NULL,NULL),
(63,'Pre-sale or feature inquiry',16,NULL,NULL),
(64,'Purchasing inquiry',16,NULL,NULL),
(65,'Remote control failed',20,NULL,NULL),
(66,'Remote control intermittently',21,NULL,NULL),
(67,'Remote control failed',20,NULL,NULL),
(68,'Remote control failed',21,NULL,NULL),
(69,'Signal failure',20,NULL,NULL),
(70,'No digital signal',69,NULL,NULL),
(71,'Signal failure',20,NULL,NULL),
(72,'No analog signal',69,NULL,NULL),
(73,'Battery not Charging',1,NULL,NULL),
(74,'Battery drains fast',1,NULL,NULL),
(75,'Unit does not power on',1,NULL,NULL),
(76,'No LED Indication',1,NULL,NULL),
(77,'Bluetooth',0,NULL,NULL),
(78,'Device Unavailable',77,NULL,NULL),
(79,'Unable to Pair',77,NULL,NULL),
(80,'Range Issue',77,NULL,NULL),
(81,'Physical Damage',0,NULL,NULL),
(82,'Received the unit in a damaged condition',81,NULL,NULL),
(83,'Unit was damaged by the customer',81,NULL,NULL),
(84,'CD Issue',0,NULL,NULL),
(85,'No Disc / Error',84,NULL,NULL),
(86,'CD not playing',84,NULL,NULL),
(87,'Audio',0,NULL,NULL),
(88,'No Audio',87,NULL,NULL),
(89,'Low Audio',87,NULL,NULL),
(90,'Intermittent Audio',87,NULL,NULL),
(91,'Charging Issues',0,NULL,NULL),
(92,'Battery Issue',91,NULL,NULL),
(93,'No Power',1,NULL,NULL),
(94,'Controls Not Working',3,NULL,NULL),
(95,'Not Heating',3,NULL,NULL),
(96,'Overheating',3,NULL,NULL),
(97,'Temperature Control Not Working',3,NULL,NULL),
(98,'Foul Odor/Taste',3,NULL,NULL),
(99,'Smoke Coming Out Of The Unit',3,NULL,NULL),
(100,'Partial Bake',3,NULL,NULL),
(101,'Setup',0,NULL,NULL),
(102,'How to Setup Clock',101,NULL,NULL),
(103,'How to Setup Alarm',101,NULL,NULL),
(104,'How to Preset Radio Station',101,NULL,NULL),
(105,'How to Enable or Disable sleep timer',101,NULL,NULL),
(106,'Display issue',0,NULL,NULL),
(107,'Display not lighting up',106,NULL,NULL),
(108,'Intermittent Display / Blinking Display',106,NULL,NULL),
(109,'Received the unit in a damaged condition',81,NULL,NULL),
(110,'Unit was damaged by the customer',81,NULL,NULL),
(111,'Parts',0,NULL,NULL),
(112,'Paid Part order',111,NULL,NULL),
(113,'Missing parts',111,NULL,NULL),
(114,'Damaged parts received',111,NULL,NULL),
(115,'Parts defective',111,NULL,NULL),
(116,'No LED Indication',1,NULL,NULL),
(117,'Unable to Power On',1,NULL,NULL),
(118,'The On/Off Button Is Flashing',20,NULL,NULL),
(119,'Brewer Will Not Brew',20,NULL,NULL),
(120,'Brewer Will Not heat',20,NULL,NULL),
(121,'K-Cup Shrinked',20,NULL,NULL),
(122,'Brewing A Partial Cup',20,NULL,NULL),
(123,'Reservoir Rattling',20,NULL,NULL),
(124,'Water In Reservoir Base',20,NULL,NULL),
(125,'Coffee Drops Around The Brewer',20,NULL,NULL),
(126,'Water Spitting From The Outlet',20,NULL,NULL),
(127,'Ask for manual',16,NULL,NULL),
(128,'Pre-sale or feature inquiry',16,NULL,NULL),
(129,'Purchasing inquiry',16,NULL,NULL),
(130,'Remote control failed',20,NULL,NULL),
(131,'Remote control intermittently',21,NULL,NULL),
(132,'Remote control failed',20,NULL,NULL),
(133,'Remote control failed',21,NULL,NULL),
(134,'No LED Indication',1,NULL,NULL),
(135,'Unable to Power On',1,NULL,NULL),
(136,'Pump/Compressor not turning ON',1,NULL,NULL),
(137,'Switches/Knobs not working',1,NULL,NULL),
(138,'Not Cooling',3,NULL,NULL),
(139,'Water Full Error',3,NULL,NULL),
(140,'Water Leaking',3,NULL,NULL),
(141,'Loud Noise',3,NULL,NULL),
(142,'Auto Swing not working',3,NULL,NULL),
(143,'Missing',32,NULL,NULL),
(144,'Remote Missing',32,NULL,NULL),
(145,'Remote not working',32,NULL,NULL),
(146,'Part Request',32,NULL,NULL),
(147,'Damages',0,NULL,NULL),
(148,'Physical',147,NULL,NULL),
(149,'Shipment',147,NULL,NULL),
(150,'No Power',1,NULL,NULL),
(151,'Battery not Charging',1,NULL,NULL),
(152,'Battery Drains fast',1,NULL,NULL),
(153,'Blank Screen',3,NULL,NULL),
(154,'SD Card not working',3,NULL,NULL),
(155,'Incorrect language',3,NULL,NULL),
(156,'Lines On Screen',3,NULL,NULL),
(157,'Buttons not responding',3,NULL,NULL),
(158,'Shutter dysfunction',3,NULL,NULL),
(159,'Flash not working',3,NULL,NULL),
(160,'Zoom Issues',3,NULL,NULL),
(161,'Unable to Save pictures',3,NULL,NULL),
(162,'Charger Missing',11,NULL,NULL),
(163,'Danaged/Defective',11,NULL,NULL),
(164,'Dead Battery',11,NULL,NULL),
(165,'Part Request',11,NULL,NULL),
(166,'No Power',1,NULL,NULL),
(167,'Incorrect Date/Time',3,NULL,NULL),
(168,'Blank Screen',3,NULL,NULL),
(169,'Lines On Screen',3,NULL,NULL),
(170,'No Slideshow',3,NULL,NULL),
(171,'UISB/SD Slot not working',3,NULL,NULL),
(172,'Incorrect language',3,NULL,NULL),
(173,'Brightness Issue',3,NULL,NULL),
(174,'Stand Missing',11,NULL,NULL),
(175,'Adapter Missing',11,NULL,NULL),
(176,'Damaged/Defective',11,NULL,NULL),
(177,'Part Request',11,NULL,NULL),
(178,'Not Powering On',1,NULL,NULL),
(179,'No Light Indicator',1,NULL,NULL),
(180,'Power Button Not Working',1,NULL,NULL),
(181,'Damaged Cable',1,NULL,NULL),
(182,'Functional Issue',0,NULL,NULL),
(183,'Water Leaking',182,NULL,NULL),
(184,'Functional Issue',0,NULL,NULL),
(185,'Water clogging/drain Issue',184,NULL,NULL),
(186,'Functional Issue',0,NULL,NULL),
(187,'Switches/Keys not working',186,NULL,NULL),
(188,'Functional Issue',0,NULL,NULL),
(189,'Controls not working',188,NULL,NULL),
(190,'Functional Issue',0,NULL,NULL),
(191,'Water full error',190,NULL,NULL),
(192,'Functional Issue',0,NULL,NULL),
(193,'Missing Spots/Stains',192,NULL,NULL),
(194,'Lights not working',3,NULL,NULL),
(195,'Fuse blown',3,NULL,NULL),
(196,'Jets not powering On',1,NULL,NULL),
(197,'Power: No DIsplay',0,NULL,NULL),
(198,'No Power',1,NULL,NULL),
(199,'Loose Connection',1,NULL,NULL),
(200,'Keys/Buttons not working',3,NULL,NULL),
(201,'Cursor Jumpimg',3,NULL,NULL),
(202,'Scroll not working',3,NULL,NULL),
(203,'LED not working',3,NULL,NULL),
(204,'Unresponsive at times',3,NULL,NULL),
(205,'Not turning On',1,NULL,NULL),
(206,'Motor not turning On',1,NULL,NULL),
(207,'No Display',1,NULL,NULL),
(208,'Water Leaking',3,NULL,NULL),
(209,'Foul Odor',3,NULL,NULL),
(210,'Dryer Not Work',3,NULL,NULL),
(211,'Water Clogging',3,NULL,NULL),
(212,'Timer/Controls Not Work',3,NULL,NULL),
(213,'Loud Noise',3,NULL,NULL),
(214,'Water Full Error',3,NULL,NULL),
(215,'Lid Sticking',3,NULL,NULL),
(216,'Functional Inquiry',3,NULL,NULL),
(217,'Ask for manual',16,NULL,NULL),
(218,'Pre-sale or feature inquiry',16,NULL,NULL),
(219,'Purchasing inquiry',16,NULL,NULL),
(220,'No LED Indication',1,NULL,NULL),
(221,'Unable to Power On',1,NULL,NULL),
(222,'Missing',32,NULL,NULL),
(223,'Part Request',32,NULL,NULL),
(224,'Functional Issue - Slow motor speed',0,NULL,NULL),
(225,'Functioanl Issue - Knobs/Buttons not working',0,NULL,NULL),
(226,'Functional Issue - Leaking',0,NULL,NULL),
(227,'Functional Issue - Loud Noise',0,NULL,NULL),
(228,'Functional Issue - Reset button not working',0,NULL,NULL),
(229,'Functional Issue - Jars not fitting or loose',0,NULL,NULL),
(230,'Functional Issue - Blades loose',0,NULL,NULL),
(231,'Not Powering On',1,NULL,NULL),
(232,'No Light Indicators',1,NULL,NULL),
(233,'Battery Drains Quickly',1,NULL,NULL),
(234,'Not Charging',1,NULL,NULL),
(235,'Battery Over Heating',1,NULL,NULL),
(236,'Adapter Not Charging',1,NULL,NULL),
(237,'Damaged Power Cable',1,NULL,NULL),
(238,'Not Playing',84,NULL,NULL),
(239,'No Disc',84,NULL,NULL),
(240,'Incorrect Region',84,NULL,NULL),
(241,'Video Issue',0,NULL,NULL),
(242,'Picture/Image Freezing',241,NULL,NULL),
(243,'Colour Issue',241,NULL,NULL),
(244,'No Picture/Video',241,NULL,NULL),
(245,'Flickering Screen',241,NULL,NULL),
(246,'Audio Issue',0,NULL,NULL),
(247,'No Sound/Intermittent',246,NULL,NULL),
(248,'Only One Speaker Works',246,NULL,NULL),
(249,'Audio Delay',246,NULL,NULL),
(250,'Connectivity Issue',0,NULL,NULL),
(251,'WiFI Issue',250,NULL,NULL),
(252,'Lock Screen',0,NULL,NULL),
(253,'Forgot Password',252,NULL,NULL),
(254,'Remote Issue',0,NULL,NULL),
(255,'Not Working',254,NULL,NULL),
(256,'Not turning On',1,NULL,NULL),
(257,'No LED',1,NULL,NULL),
(258,'Connecting to Laptop',101,NULL,NULL),
(259,'Connecting to DVD Player',101,NULL,NULL),
(260,'Connecting to Phone',101,NULL,NULL),
(261,'Dark Spots',3,NULL,NULL),
(262,'No Power',1,NULL,NULL),
(263,'No Display',1,NULL,NULL),
(264,'Buttons Not Working',3,NULL,NULL),
(265,'Foul Odo',3,NULL,NULL),
(266,'Filters Clogged',3,NULL,NULL),
(267,'Service Indicator Flashing',3,NULL,NULL),
(268,'Intake Clogged',3,NULL,NULL),
(269,'Polluted Air',3,NULL,NULL),
(270,'Unit Not Power ON',1,NULL,NULL),
(271,'Intermittent Power',1,NULL,NULL),
(272,'No Light Indicator',1,NULL,NULL),
(273,'Damaged Power Cord',1,NULL,NULL),
(274,'Pump Stopped Working',3,NULL,NULL),
(275,'Chocolate Lumps',3,NULL,NULL),
(276,'Intermittent Flow',3,NULL,NULL),
(277,'Smoke Coming Out Of The Unit',3,NULL,NULL),
(278,'Clogged Flow Tubes',3,NULL,NULL),
(279,'Heating Issues',3,NULL,NULL),
(280,'Damaged Switch',3,NULL,NULL),
(281,'Freezing Issue',3,NULL,NULL),
(282,'Paddle Issue',3,NULL,NULL),
(283,'Deformed Parts',3,NULL,NULL),
(284,'Non-Stick Issue',3,NULL,NULL),
(285,'Clogged Spout',3,NULL,NULL),
(286,'Rusty Parts',3,NULL,NULL),
(287,'Not Blending',3,NULL,NULL),
(288,'Blades Not Rotating',3,NULL,NULL),
(289,'Lid Not Closing',3,NULL,NULL),
(290,'Kernels Pop Issue',3,NULL,NULL),
(291,'Steam Vent Issue',3,NULL,NULL),
(292,'Toasting Issue',3,NULL,NULL),
(293,'',3,NULL,NULL),
(294,'Uneven Cooking',0,NULL,NULL),
(295,'Hardware',0,NULL,NULL),
(296,'Power Related',295,NULL,NULL),
(297,'Power Related',295,NULL,NULL),
(298,'Battery not charging',296,NULL,NULL),
(299,'Power Related',295,NULL,NULL),
(300,'Battery drains fast',296,NULL,NULL),
(301,'Power Related',295,NULL,NULL),
(302,'No Power LED',296,NULL,NULL),
(303,'Physical Damage',295,NULL,NULL),
(304,'Damaged screen',81,NULL,NULL),
(305,'Physical Damage',295,NULL,NULL),
(306,'Damaged body',81,NULL,NULL),
(307,'Physical Damage',295,NULL,NULL),
(308,'Broken Accessory',81,NULL,NULL),
(309,'Software',0,NULL,NULL),
(310,'Android',309,NULL,NULL),
(311,'Android',309,NULL,NULL),
(312,'App installation',310,NULL,NULL),
(313,'Android',309,NULL,NULL),
(314,'Firmware upgrade',310,NULL,NULL),
(315,'Android',309,NULL,NULL),
(316,'Configuration settings',310,NULL,NULL),
(317,'WiFi',309,NULL,NULL),
(318,'Cannot enable WiFi',317,NULL,NULL),
(319,'WiFi',295,NULL,NULL),
(320,'Cannot find any networks',317,NULL,NULL),
(321,'WiFi',309,NULL,NULL),
(322,'Keeps disconnecting',317,NULL,NULL),
(323,'WiFi',309,NULL,NULL),
(324,'Slow Connection',317,NULL,NULL),
(325,'WiFi',309,NULL,NULL),
(326,'No Internet connection',317,NULL,NULL),
(327,'Apps',309,NULL,NULL),
(328,'Unable to install apps',327,NULL,NULL),
(329,'Apps',309,NULL,NULL),
(330,'Default apps not working',327,NULL,NULL),
(331,'Apps',309,NULL,NULL),
(332,'Unable to open app',327,NULL,NULL),
(333,'Charger',295,NULL,NULL),
(334,'Not working',333,NULL,NULL),
(335,'Charger',295,NULL,NULL),
(336,'Missing',333,NULL,NULL),
(337,'Cosmetic',295,NULL,NULL),
(338,'Wrong color',337,NULL,NULL),
(339,'Camera',295,NULL,NULL),
(340,'Front camera not working',339,NULL,NULL),
(341,'Camera',295,NULL,NULL),
(342,'Rear camera not working',339,NULL,NULL),
(343,'Camera',309,NULL,NULL),
(344,'Image quality does not match the MP',339,NULL,NULL),
(345,'Camera',309,NULL,NULL),
(346,'Captured images are blurry',339,NULL,NULL),
(347,'Storage',295,NULL,NULL),
(348,'Full',347,NULL,NULL),
(349,'Storage',295,NULL,NULL),
(350,'Missing space',347,NULL,NULL),
(351,'Storage',295,NULL,NULL),
(352,'Storage expansion',347,NULL,NULL),
(353,'Storage',295,NULL,NULL),
(354,'SD card slot is not working',347,NULL,NULL),
(355,'Bluetooth',309,NULL,NULL),
(356,'Unable to activate',77,NULL,NULL),
(357,'Bluetooth',309,NULL,NULL),
(358,'Unable to detect device',77,NULL,NULL),
(359,'Windows',309,NULL,NULL),
(360,'Not enough space to install a Windows update',359,NULL,NULL),
(361,'Windows',309,NULL,NULL),
(362,'PC boots slowly',359,NULL,NULL),
(363,'Windows',309,NULL,NULL),
(364,'Files open in the wrong application',359,NULL,NULL),
(365,'Windows',309,NULL,NULL),
(366,'Too many notifications',359,NULL,NULL),
(367,'Windows',309,NULL,NULL),
(368,'System Restore has gone missing',359,NULL,NULL),
(369,'Windows',309,NULL,NULL),
(370,'Too many pop ups in Edge',359,NULL,NULL),
(371,'Windows',309,NULL,NULL),
(372,'Missing product key MS-365',359,NULL,NULL),
(373,'Windows',309,NULL,NULL),
(374,'Printer trouble',359,NULL,NULL),
(375,'Windows',309,NULL,NULL),
(376,'Password',359,NULL,NULL),
(377,'Windows',309,NULL,NULL),
(378,'Account Recovery',359,NULL,NULL),
(379,'Drivers',309,NULL,NULL),
(380,'Unable to download drivers',379,NULL,NULL),
(381,'Drivers',309,NULL,NULL),
(382,'Unable to install drivers',379,NULL,NULL),
(383,'Drivers',309,NULL,NULL),
(384,'Wrong drivers',379,NULL,NULL),
(385,'Audio',295,NULL,NULL),
(386,'No sound',87,NULL,NULL),
(387,'Audio',295,NULL,NULL),
(388,'Audio drivers',87,NULL,NULL),
(389,'Audio',295,NULL,NULL),
(390,'Faulty speakers',87,NULL,NULL),
(391,'Audio',295,NULL,NULL),
(392,'Mic does not work',87,NULL,NULL),
(393,'Audio',295,NULL,NULL),
(394,'Distorted Audio',87,NULL,NULL),
(395,'Display',295,NULL,NULL),
(396,'Resolution is not changing',395,NULL,NULL),
(397,'Display',295,NULL,NULL),
(398,'Pixel defects',395,NULL,NULL),
(399,'Display',309,NULL,NULL),
(400,'Boot Menu/UEFI Screen',395,NULL,NULL),
(401,'Display',309,NULL,NULL),
(402,'Blue screen Error',395,NULL,NULL),
(403,'Display',309,NULL,NULL),
(404,'Blank Screen',395,NULL,NULL),
(405,'Display',295,NULL,NULL),
(406,'Lines on Screen',395,NULL,NULL),
(407,'General',0,NULL,NULL),
(408,'User Manual Request',407,NULL,NULL),
(409,'Fingerprint Scanner',295,NULL,NULL),
(410,'Windows',309,NULL,NULL),
(411,'Initial Setup',359,NULL,NULL),
(412,'Charger',295,NULL,NULL),
(413,'Charger Request',333,NULL,NULL),
(414,'Keyboard',295,NULL,NULL),
(415,'Features',414,NULL,NULL),
(416,'OOW',0,NULL,NULL),
(417,'Repair Pricing',416,NULL,NULL),
(418,'Loose / Falling Screws',295,NULL,NULL),
(419,'Strap Damaged',0,NULL,NULL),
(420,'Strap Issue',0,NULL,NULL),
(421,'Uneven Exposure',0,NULL,NULL),
(422,'Lid Closing Issue',0,NULL,NULL),
(423,'Base set assembly',0,NULL,NULL),
(424,'Channel scan',0,NULL,NULL),
(425,'Device Registration',0,NULL,NULL),
(426,'Network/WIFI assistance',0,NULL,NULL),
(427,'Apps issue assistance',0,NULL,NULL),
(428,'No Power',1,NULL,NULL),
(429,'No LED',1,NULL,NULL),
(430,'UV Light Issue',1,NULL,NULL),
(431,'Not Charging',1,NULL,NULL),
(432,'Slow Charging',1,NULL,NULL),
(433,'External device connection',0,NULL,NULL),
(434,'Cable / Satellite',433,NULL,NULL),
(435,'Video Device',433,NULL,NULL),
(436,'Gaming station',433,NULL,NULL),
(437,'Audio Device',433,NULL,NULL),
(438,'Media Device (USB)',433,NULL,NULL),
(439,'LAN/Wireless',433,NULL,NULL),
(440,'TV function setup',0,NULL,NULL),
(441,'CC function',440,NULL,NULL),
(442,'Sleep/Timer',440,NULL,NULL),
(443,'TV picture setup',440,NULL,NULL),
(444,'TV video setup',440,NULL,NULL),
(445,'TV audio setup',440,NULL,NULL),
(446,'Other function support',440,NULL,NULL),
(447,'Auto Operating',440,NULL,NULL),
(448,'Remote Pairing',440,NULL,NULL),
(449,'Change Language',440,NULL,NULL),
(450,'Parental Lock',440,NULL,NULL),
(451,'USB Info',440,NULL,NULL),
(452,'Ask for remote codes',16,NULL,NULL),
(453,'Ask for manual',16,NULL,NULL),
(454,'Ask for screw size',16,NULL,NULL),
(455,'Ask for firmware update',16,NULL,NULL),
(456,'Purchase accessories',16,NULL,NULL),
(457,'Pre-sale or feature inquiry',16,NULL,NULL),
(458,'Purchasing inquiry',16,NULL,NULL),
(459,'Adding apps',16,NULL,NULL),
(460,'MAC address',16,NULL,NULL),
(461,'Extended Warranty',16,NULL,NULL),
(462,'TV reset',16,NULL,NULL),
(463,'Recycle center location',16,NULL,NULL),
(464,'TV Specifications',16,NULL,NULL),
(465,'Activate RoKU/Amazon account',16,NULL,NULL),
(466,'Screen Mirroring - Cell phone',16,NULL,NULL),
(467,'Upsie',16,NULL,NULL),
(468,'Onn Redirect',16,NULL,NULL),
(469,'Roku Adds',16,NULL,NULL),
(470,'TV freezes on logo',20,NULL,NULL),
(471,'TV does not turn on',20,NULL,NULL),
(472,'Keypad failed',20,NULL,NULL),
(473,'Keypad failed',472,NULL,NULL),
(474,'Keypad failed',20,NULL,NULL),
(475,'Some buttons failed',472,NULL,NULL),
(476,'Remote control failed',20,NULL,NULL),
(477,'Remote control intermittently',21,NULL,NULL),
(478,'Remote control failed',20,NULL,NULL),
(479,'Remote control failed',21,NULL,NULL),
(480,'Signal failure',20,NULL,NULL),
(481,'No digital signal',69,NULL,NULL),
(482,'Signal failure',20,NULL,NULL),
(483,'No analog signal',69,NULL,NULL),
(484,'Signal failure',20,NULL,NULL),
(485,'Channel loss',69,NULL,NULL),
(486,'Signal failure',20,NULL,NULL),
(487,'Channel scanning cannot finish',69,NULL,NULL),
(488,'Signal failure',20,NULL,NULL),
(489,'Poor Video',69,NULL,NULL),
(490,'Signal failure',20,NULL,NULL),
(491,'Poor picture quality',69,NULL,NULL),
(492,'Signal failure',20,NULL,NULL),
(493,'Color / Brightness abnormal',69,NULL,NULL),
(494,'Signal failure',20,NULL,NULL),
(495,'MURA - Clouds, dark or bright spot',69,NULL,NULL),
(496,'Signal failure',20,NULL,NULL),
(497,'Pixel defect - Bright / Dark',69,NULL,NULL),
(498,'Signal failure',20,NULL,NULL),
(499,'Backlight leaking',69,NULL,NULL),
(500,'Auto operating',20,NULL,NULL),
(501,'Auto on/off',447,NULL,NULL),
(502,'Auto operating',20,NULL,NULL),
(503,'Channel changes automatically',447,NULL,NULL),
(504,'Auto operating',20,NULL,NULL),
(505,'Volume changes automatically',447,NULL,NULL),
(506,'Operating slow',20,NULL,NULL),
(507,'Response slow',506,NULL,NULL),
(508,'Operating slow',20,NULL,NULL),
(509,'Stuck in burn-in mode (Color changing)',506,NULL,NULL),
(510,'Operating slow',20,NULL,NULL),
(511,'Slow when connect to external device',506,NULL,NULL),
(512,'Other functional defect',20,NULL,NULL),
(513,'Smoking / Burning / Caught on fire',512,NULL,NULL),
(514,'Other functional defect',20,NULL,NULL),
(515,'Settings / Channels cannot be saved after power off',512,NULL,NULL),
(516,'Other functional defect',20,NULL,NULL),
(517,'Software update failure',512,NULL,NULL),
(518,'Network and Apps',0,NULL,NULL),
(519,'WIFI issue',518,NULL,NULL),
(520,'WIFI issue',518,NULL,NULL),
(521,'WIFI signal weak - TV WIFI failure',251,NULL,NULL),
(522,'WIFI issue',518,NULL,NULL),
(523,'Connection drops sometime - TV WIFI failure',251,NULL,NULL),
(524,'WIFI issue',518,NULL,NULL),
(525,'Does not record user account - TV WIFI failure',251,NULL,NULL),
(526,'WIFI issue',518,NULL,NULL),
(527,'WIFI search result empty - TV WIFI failure',251,NULL,NULL),
(528,'WIFI issue',518,NULL,NULL),
(529,'WIFI shows connected but not - TV WIFI failure',251,NULL,NULL),
(530,'WIFI issue',518,NULL,NULL),
(531,'TV freezes while connecting WIFI - TV WIFI failure',251,NULL,NULL),
(532,'Wired network issue',518,NULL,NULL),
(533,'Cannot connect to network - TV wired connection failure',532,NULL,NULL),
(534,'Wired network issue',518,NULL,NULL),
(535,'Connection shows connected but not - TV wired connection failure',532,NULL,NULL),
(536,'Netflix issue',518,NULL,NULL),
(537,'Cannot login -  TV/Netflix conflicts',536,NULL,NULL),
(538,'Netflix issue',518,NULL,NULL),
(539,'Lost connection sometime -  TV/Netflix conflicts',536,NULL,NULL),
(540,'Netflix issue',518,NULL,NULL),
(541,'Does not record user account/pwd -  TV/Netflix conflicts',536,NULL,NULL),
(542,'YouTube issue',518,NULL,NULL),
(543,'Cannot login - TV/YouTube conflicts',542,NULL,NULL),
(544,'YouTube issue',518,NULL,NULL),
(545,'Lost connection sometime - TV/YouTube conflicts',542,NULL,NULL),
(546,'YouTube issue',518,NULL,NULL),
(547,'Does not record user account/pwd - TV/YouTube conflicts',542,NULL,NULL),
(548,'YouTube issue',518,NULL,NULL),
(549,'Video/Audio abnormal while playing - TV/YouTube conflicts',542,NULL,NULL),
(550,'YouTube issue',518,NULL,NULL),
(551,'Other problem - TV/YouTube conflicts',542,NULL,NULL),
(552,'Other Apps issue',518,NULL,NULL),
(553,'Cannot login - TV/App conflicts',552,NULL,NULL),
(554,'Other Apps issue',518,NULL,NULL),
(555,'Lost connection sometime - TV/App conflicts',552,NULL,NULL),
(556,'Other Apps issue',518,NULL,NULL),
(557,'Does not record user account/pwd - TV/App conflicts',552,NULL,NULL),
(558,'Other Apps issue',518,NULL,NULL),
(559,'Video/Audio abnormal while playing - TV/App conflicts',552,NULL,NULL),
(560,'Other Apps issue',518,NULL,NULL),
(561,'Other problem - TV/App conflicts',552,NULL,NULL),
(562,'Video issues',0,NULL,NULL),
(563,'Panel damaged',562,NULL,NULL),
(564,'Panel damaged',562,NULL,NULL),
(565,'Customer broke/scratched',563,NULL,NULL),
(566,'Panel damaged',562,NULL,NULL),
(567,'Manufacturing damage',563,NULL,NULL),
(568,'Horizontal / vertical lines or bars',562,NULL,NULL),
(569,'Damaged Screen',562,NULL,NULL),
(570,'No video (with backlight)',562,NULL,NULL),
(571,'No backlight',562,NULL,NULL),
(572,'Video distortion',562,NULL,NULL),
(573,'Dot / Spot',562,NULL,NULL),
(574,'Safety Issue',0,NULL,NULL),
(575,'TV wobbles / base neck broken',574,NULL,NULL),
(576,'Dark backlight',562,NULL,NULL),
(577,'Screen Fading',562,NULL,NULL),
(578,'Audio issues',0,NULL,NULL),
(579,'No Audio / Audio intermittent',578,NULL,NULL),
(580,'Audio distortion',578,NULL,NULL),
(581,'Left / Right - Audio not balance',578,NULL,NULL),
(582,'TV smokes',574,NULL,NULL),
(583,'TV Catches on fire',574,NULL,NULL),
(584,'TV drops from wall mount',574,NULL,NULL),
(585,'Accessories missing',11,NULL,NULL),
(586,'Accessories defective',11,NULL,NULL),
(587,'Power Issue',0,NULL,NULL),
(588,'Not Powering ON',587,NULL,NULL),
(589,'RGB Screen',241,NULL,NULL),
(590,'Not Powering on',1,NULL,NULL),
(591,'Motor not powering on',1,NULL,NULL),
(592,'No Display',3,NULL,NULL),
(593,'Water Leaking',3,NULL,NULL),
(594,'Foul Odour',3,NULL,NULL),
(595,'Dryer not working',3,NULL,NULL),
(596,'Water Clogging',3,NULL,NULL),
(597,'Timer/Controls Not Working',3,NULL,NULL),
(598,'Loud Noise',3,NULL,NULL),
(599,'Water Full Error',3,NULL,NULL),
(600,'Lid Issue',3,NULL,NULL),
(601,'Not switching ON',1,NULL,NULL),
(602,'Intermittent Power on unit',1,NULL,NULL),
(603,'Hot water not coming',3,NULL,NULL),
(604,'Cold water not coming',3,NULL,NULL),
(605,'Ask for manual',16,NULL,NULL),
(606,'Pre-sale or feature inquiry',16,NULL,NULL),
(607,'Purchasing inquiry',16,NULL,NULL),
(608,'No LED Indication',1,NULL,NULL),
(609,'Not turning On',1,NULL,NULL),
(610,'Not Charging',1,NULL,NULL),
(611,'Battery drains fast',1,NULL,NULL),
(612,'Bluetooth not working',3,NULL,NULL),
(613,'Fitness tracker error',3,NULL,NULL),
(614,'Incorrect Date/Time',3,NULL,NULL),
(615,'Incorrect Values',3,NULL,NULL),
(616,'No Feedback/Haptics not working',3,NULL,NULL),
(617,'Missing',32,NULL,NULL),
(618,'Remote Missing',32,NULL,NULL),
(619,'Remote not working',32,NULL,NULL),
(620,'Part Request',32,NULL,NULL),
(621,'Not turning On',1,NULL,NULL),
(622,'Compressor not turning On',1,NULL,NULL),
(623,'Lights not turning On',1,NULL,NULL),
(624,'Foul taste/Odour',3,NULL,NULL),
(625,'Water leaking',3,NULL,NULL),
(626,'Frosting',3,NULL,NULL),
(627,'Not Cooling',3,NULL,NULL),
(628,'Loud Noise',3,NULL,NULL),
(629,'Temperature control not working',3,NULL,NULL),
(630,'Switches/keys not working',3,NULL,NULL),
(631,'Not Making Ice',3,NULL,NULL),
(632,'Top Popup',3,NULL,NULL),
(633,'E1',3,NULL,NULL),
(634,'E2',3,NULL,NULL),
(635,'Damaged',0,NULL,NULL),
(636,'Physically',635,NULL,NULL),
(637,'Shipment',635,NULL,NULL),
(638,'Add Water Light Is ON',3,NULL,NULL),
(639,'Burning Smell',3,NULL,NULL),
(640,'Unit not tunring on',1,NULL,NULL),
(641,'Unit not turning off',1,NULL,NULL),
(642,'Unit not charging',1,NULL,NULL),
(643,'Unit not holding charge',1,NULL,NULL),
(644,'Sound Issue',0,NULL,NULL),
(645,'Low Volume',644,NULL,NULL),
(646,'No Sound',644,NULL,NULL),
(647,'Intermittent Audio',644,NULL,NULL),
(648,'Audio does not play',644,NULL,NULL);

/*Table structure for table `email_templates` */

DROP TABLE IF EXISTS `email_templates`;

CREATE TABLE `email_templates` (
  `id` bigint(20) unsigned NOT NULL AUTO_INCREMENT,
  `template_name` varchar(255) COLLATE utf8mb4_unicode_ci DEFAULT NULL,
  `template_text` text COLLATE utf8mb4_unicode_ci DEFAULT NULL,
  `created_at` timestamp NULL DEFAULT NULL,
  `updated_at` timestamp NULL DEFAULT NULL,
  PRIMARY KEY (`id`)
) ENGINE=InnoDB AUTO_INCREMENT=2 DEFAULT CHARSET=utf8mb4 COLLATE=utf8mb4_unicode_ci;

/*Data for the table `email_templates` */

insert  into `email_templates`(`id`,`template_name`,`template_text`,`created_at`,`updated_at`) values 
(1,'test','testss','2022-10-11 20:47:21','2022-10-11 20:47:50');

/*Table structure for table `files` */

DROP TABLE IF EXISTS `files`;

CREATE TABLE `files` (
  `id` bigint(20) unsigned NOT NULL AUTO_INCREMENT,
  `url` varchar(255) COLLATE utf8mb4_unicode_ci DEFAULT NULL,
  `fileable_type` varchar(100) COLLATE utf8mb4_unicode_ci DEFAULT NULL,
  `table_name` varchar(100) COLLATE utf8mb4_unicode_ci DEFAULT NULL,
  `fileable_id` bigint(20) NOT NULL DEFAULT 0,
  `created_at` timestamp NULL DEFAULT NULL,
  `updated_at` timestamp NULL DEFAULT NULL,
  PRIMARY KEY (`id`)
) ENGINE=InnoDB AUTO_INCREMENT=54 DEFAULT CHARSET=utf8mb4 COLLATE=utf8mb4_unicode_ci;

/*Data for the table `files` */

insert  into `files`(`id`,`url`,`fileable_type`,`table_name`,`fileable_id`,`created_at`,`updated_at`) values 
(4,'front_of_unit/CLh8nnQbbPGX04BUielwXSwgrJ47yKdwI26breL4.png','App\\Models\\FrontOfUnit','front_of_unit',26,'2022-10-03 07:19:05','2022-10-03 07:19:05'),
(8,'bill_of_sale/2iGWJr61KJhyySUkIW61Rz71Wyze4MIKeuyeob1u.png','App\\Models\\BillOfSale','bill_of_sale',25,'2022-10-03 07:33:22','2022-10-03 07:33:22'),
(9,'front_of_unit/YYwvxIqdZZJ5cXNVR94eA4He7q2WF24My4shHBCY.png','App\\Models\\FrontOfUnit','front_of_unit',25,'2022-10-03 07:33:30','2022-10-03 07:33:30'),
(10,'rear_of_unit/Y3c8Ld9eYbHXHBAqQZaQTPCtFn5bmCP8dtVxZQ5e.png','App\\Models\\RearOfUnit','rear_of_unit',25,'2022-10-03 07:33:34','2022-10-03 07:33:34'),
(11,'readable_picture/4QQ7eEK8FbgX3nCcvd4lZ5LxAfyEUyJRjEEF1ur5.png','App\\Models\\ReadablePicture','readable_picture',25,'2022-10-03 07:33:38','2022-10-03 07:33:38'),
(12,'defect_issue/bZW7gkimxqApwTws0v21OzF8cVEV79zOSU3VrKV4.png','App\\Models\\DefectIssue','defect_issue',25,'2022-10-03 07:33:42','2022-10-03 07:33:42'),
(13,'bill_of_sale/TDmN61uSGswTkyvVjXajuGS4ygSV1AbdRC3J6MXZ.png','App\\Models\\BillOfSale','bill_of_sale',26,'2022-10-03 07:36:24','2022-10-03 07:36:24'),
(14,'rear_of_unit/eJu9EF97XUuysw9T91XzzqfzYzkUSmKQThgBhlUz.png','App\\Models\\RearOfUnit','rear_of_unit',26,'2022-10-03 07:36:27','2022-10-03 07:36:27'),
(15,'readable_picture/d8PgVNSNideJ0VEFafTsDPlxfCXvxhIYG70d7c84.png','App\\Models\\ReadablePicture','readable_picture',26,'2022-10-03 07:36:30','2022-10-03 07:36:30'),
(16,'defect_issue/MBQdWM3jBKvGmQOwnmZsEdGP9FDhscqLW9QRh6wW.png','App\\Models\\DefectIssue','defect_issue',26,'2022-10-03 07:36:32','2022-10-03 07:36:32'),
(17,'users/LK9YgnZOwvD95ZTRKdh0IBEZBnynE8vVWv9J9nXS.png','App\\Models\\User','users',62,'2022-10-03 10:04:23','2022-10-03 10:04:23'),
(18,'users/4RaU6z7KVS8IRVpt45OsCJoN4CR5q4rsNviZp9H4.png','App\\Models\\User','users',63,'2022-10-03 10:04:43','2022-10-03 10:04:43'),
(19,'bill_of_sale/6GMLB7fTZBKEXzcWToDI7bROiMScW1xPO6CjnZU4.png','App\\Models\\BillOfSale','bill_of_sale',31,'2022-10-03 10:55:58','2022-10-03 10:55:58'),
(20,'front_of_unit/zdahtc78hcxTe9rK2cRFvvjkpUTFlvwr1WYuifb2.png','App\\Models\\FrontOfUnit','front_of_unit',31,'2022-10-03 10:56:01','2022-10-03 10:56:01'),
(21,'rear_of_unit/I03isKTatBklkdVKFeu98HSl5EoJCwIPx4QbUfR3.png','App\\Models\\RearOfUnit','rear_of_unit',31,'2022-10-03 10:56:04','2022-10-03 10:56:04'),
(22,'readable_picture/jqRiaSohVJkpHRcxOkFQfJn5Owx9xTn2F46qVjwe.png','App\\Models\\ReadablePicture','readable_picture',31,'2022-10-03 10:56:06','2022-10-03 10:56:06'),
(23,'defect_issue/haXUX1vFhHhCb83PQKPbJJv6uOuAGHV3Izp4TQgt.png','App\\Models\\DefectIssue','defect_issue',31,'2022-10-03 10:56:09','2022-10-03 10:56:09'),
(24,'bill_of_sale/Za62SZPrIOqkShp1BkutL4FByV9y65kb5MZ6Y37G.png','App\\Models\\BillOfSale','bill_of_sale',24,'2022-10-05 01:41:00','2022-10-05 01:41:00'),
(25,'front_of_unit/zbqziKpJv0HjzDcKdG40VoMkhzTr2HboBlNt2wES.png','App\\Models\\FrontOfUnit','front_of_unit',24,'2022-10-05 01:41:05','2022-10-05 01:41:05'),
(26,'rear_of_unit/BDgjLY0BKqCTPkXECJUPjkm41CQ4hI5DUrj7lqbo.png','App\\Models\\RearOfUnit','rear_of_unit',24,'2022-10-05 01:41:13','2022-10-05 01:41:13'),
(27,'readable_picture/pUhu6oO2SloXhS6UDVxklHvg2Pm1L6m9Q0evPkyP.png','App\\Models\\ReadablePicture','readable_picture',24,'2022-10-05 01:41:17','2022-10-05 01:41:17'),
(28,'defect_issue/Kg8CUbNlNHvRg1LEgXZGGQYY8ZWjODuIxLiFlBqm.png','App\\Models\\DefectIssue','defect_issue',24,'2022-10-05 01:41:20','2022-10-05 01:41:20'),
(29,'bill_of_sale/lQMPOjScQziD4OEKx5v6KeFVU8vzLesaIh6Ohazu.png','App\\Models\\BillOfSale','bill_of_sale',23,'2022-10-05 01:45:08','2022-10-05 01:45:08'),
(30,'front_of_unit/zsgsesmK1QT5OiwZSv9xF1BdAAhHnmPklDH8eKOX.png','App\\Models\\FrontOfUnit','front_of_unit',23,'2022-10-05 01:45:14','2022-10-05 01:45:14'),
(31,'rear_of_unit/ugX7pt6H458MuZCWddZ3nJQcLjpof7xmwa1hs9xS.png','App\\Models\\RearOfUnit','rear_of_unit',23,'2022-10-05 01:45:17','2022-10-05 01:45:17'),
(32,'readable_picture/PDziNzHWVkBpfWXe0ARhxzOlzwzTqoDOoeh8PjNX.png','App\\Models\\ReadablePicture','readable_picture',23,'2022-10-05 01:45:19','2022-10-05 01:45:19'),
(33,'defect_issue/tYu0PnA7az7QWmaylkf0iQXa9S42eeAaqo5VA0p3.png','App\\Models\\DefectIssue','defect_issue',23,'2022-10-05 01:45:22','2022-10-05 01:45:22'),
(34,'bill_of_sale/RxgqfhIzqoL0QeWtMTV4gHYEwkR6X8zminW7RetZ.png','App\\Models\\BillOfSale','bill_of_sale',22,'2022-10-05 01:45:44','2022-10-05 01:45:44'),
(35,'front_of_unit/bOkIrhCIzWkXdjVktmU9ZuCutr8CXzwrXG7mENmM.png','App\\Models\\FrontOfUnit','front_of_unit',22,'2022-10-05 01:45:46','2022-10-05 01:45:46'),
(36,'rear_of_unit/Kf91mJgmyS3ubHYaBYJjnx8n6LuLEPJXPoF9kHXv.png','App\\Models\\RearOfUnit','rear_of_unit',22,'2022-10-05 01:45:48','2022-10-05 01:45:48'),
(37,'readable_picture/2YTYhiD8N2luzfFASwuo8Xu8nvXnZzBGwpWrb3Wy.png','App\\Models\\ReadablePicture','readable_picture',22,'2022-10-05 01:46:28','2022-10-05 01:46:28'),
(38,'defect_issue/owfiQrgi6JUyFXPQdCakLspflq5RNaxHzIVDgEhK.png','App\\Models\\DefectIssue','defect_issue',22,'2022-10-05 01:46:33','2022-10-05 01:46:33'),
(39,'bill_of_sale/GlUj6Xy5TO9e6kBgEtavTUuE75ZhhUkITXJ4s41O.png','App\\Models\\BillOfSale','bill_of_sale',30,'2022-10-06 22:08:07','2022-10-06 22:08:07'),
(40,'front_of_unit/0KepOFkmcfmMJkDiAZoDfV1a1DxmSoLHFjgcHdVW.png','App\\Models\\FrontOfUnit','front_of_unit',30,'2022-10-06 22:08:17','2022-10-06 22:08:17'),
(41,'rear_of_unit/N90lT8GcYSq1GbqH5U3L9d0trBYGWcCA5bcN5cFu.png','App\\Models\\RearOfUnit','rear_of_unit',30,'2022-10-06 22:08:20','2022-10-06 22:08:20'),
(42,'readable_picture/5sewggzHbc8Sns3acNhkPNIGoaF6ySA02FduE0bl.png','App\\Models\\ReadablePicture','readable_picture',30,'2022-10-06 22:08:50','2022-10-06 22:08:50'),
(43,'defect_issue/Mwl47gJBsGbTHr5N6usO9kxCVrHxFvc5x4KAlHpK.png','App\\Models\\DefectIssue','defect_issue',30,'2022-10-06 22:08:54','2022-10-06 22:08:54'),
(44,'bill_of_sale/BUc1hBKK9vYgUkJyggjTSaQ8scmEzMYlhhOr3mKC.png','App\\Models\\BillOfSale','bill_of_sale',29,'2022-10-11 20:17:13','2022-10-11 20:17:13'),
(45,'front_of_unit/L1QvQif3E3EalsxasUvEE3hUkWBMMdtzndBoOlCm.png','App\\Models\\FrontOfUnit','front_of_unit',29,'2022-10-11 20:17:15','2022-10-11 20:17:15'),
(46,'rear_of_unit/g8jRP6yLK2dRoNn8cPPOWun7olEL8k9fzhwjt2nL.png','App\\Models\\RearOfUnit','rear_of_unit',29,'2022-10-11 20:17:17','2022-10-11 20:17:17'),
(47,'readable_picture/9dkp747xvDP0XqDPDt6BTcvQUMOMqc0hJSoqhnWd.png','App\\Models\\ReadablePicture','readable_picture',29,'2022-10-11 20:17:19','2022-10-11 20:17:19'),
(48,'defect_issue/CZxkxrEuOUdvtrnd3NnGoKrWR8wvWIpBpta2H5wu.png','App\\Models\\DefectIssue','defect_issue',29,'2022-10-11 20:17:21','2022-10-11 20:17:21'),
(49,'bill_of_sale/hyjsT3ZlQ4o97FOaEiJodfgrv4KyPkTJZ9weUp0h.png','App\\Models\\BillOfSale','bill_of_sale',48,'2022-10-12 17:38:08','2022-10-12 17:38:08'),
(50,'front_of_unit/J3XvIgyGSh8fLS3B6iNvwlgBLmBw2TLw0AcV5hWz.png','App\\Models\\FrontOfUnit','front_of_unit',48,'2022-10-12 17:38:11','2022-10-12 17:38:11'),
(51,'rear_of_unit/4jMGpkkj5fO8iKB0mX0igUrNSzft4v6F1vYMjYCA.png','App\\Models\\RearOfUnit','rear_of_unit',48,'2022-10-12 17:38:14','2022-10-12 17:38:14'),
(52,'readable_picture/TRx6CmjOM1e1MAv8yoiys4QdOmJtZ348Wi9hrAuG.png','App\\Models\\ReadablePicture','readable_picture',48,'2022-10-12 17:38:15','2022-10-12 17:38:15'),
(53,'defect_issue/M8iAh5JoUvZq3h4FiKW6uPe2GWobG7Sjq17qi8IA.png','App\\Models\\DefectIssue','defect_issue',48,'2022-10-12 17:38:18','2022-10-12 17:38:18');

/*Table structure for table `item_types` */

DROP TABLE IF EXISTS `item_types`;

CREATE TABLE `item_types` (
  `id` bigint(20) unsigned NOT NULL AUTO_INCREMENT,
  `name` varchar(255) COLLATE utf8mb4_unicode_ci NOT NULL,
  `created_at` timestamp NULL DEFAULT NULL,
  `updated_at` timestamp NULL DEFAULT NULL,
  PRIMARY KEY (`id`)
) ENGINE=InnoDB AUTO_INCREMENT=2 DEFAULT CHARSET=utf8mb4 COLLATE=utf8mb4_unicode_ci;

/*Data for the table `item_types` */

insert  into `item_types`(`id`,`name`,`created_at`,`updated_at`) values 
(1,'BEVCENTER','2022-09-22 17:43:27','2022-09-23 01:55:44');

/*Table structure for table `migrations` */

DROP TABLE IF EXISTS `migrations`;

CREATE TABLE `migrations` (
  `id` int(10) unsigned NOT NULL AUTO_INCREMENT,
  `migration` varchar(255) COLLATE utf8mb4_unicode_ci NOT NULL,
  `batch` int(11) NOT NULL,
  PRIMARY KEY (`id`)
) ENGINE=InnoDB AUTO_INCREMENT=78 DEFAULT CHARSET=utf8mb4 COLLATE=utf8mb4_unicode_ci;

/*Data for the table `migrations` */

insert  into `migrations`(`id`,`migration`,`batch`) values 
(9,'2014_10_12_100000_create_password_resets_table',1),
(10,'2016_06_01_000001_create_oauth_auth_codes_table',1),
(11,'2016_06_01_000002_create_oauth_access_tokens_table',1),
(12,'2016_06_01_000003_create_oauth_refresh_tokens_table',1),
(13,'2016_06_01_000004_create_oauth_clients_table',1),
(14,'2016_06_01_000005_create_oauth_personal_access_clients_table',1),
(15,'2019_08_19_000000_create_failed_jobs_table',1),
(16,'2019_12_14_000001_create_personal_access_tokens_table',1),
(17,'2021_12_04_014853_create_notifications_table',2),
(18,'2022_01_22_061249_add_lead_type_column_in_lead_tbl',3),
(19,'2022_01_26_052540_create_event_gallery',4),
(20,'2022_01_26_064635_create_newsletters',5),
(21,'2022_01_26_070558_create_videos',6),
(22,'2022_01_26_215029_create_advertisements',7),
(23,'2022_01_26_222334_create_events',8),
(24,'2022_01_26_235533_create_products',9),
(25,'2022_01_26_235816_create_related_products',9),
(26,'2022_01_28_023214_craete_albums',10),
(27,'2022_01_28_023458_create_album_songs',11),
(28,'2022_01_28_032702_alter_albums_add_column',12),
(29,'2022_01_29_043612_alter_table_album_songs_add_song_file_id',13),
(30,'2022_01_29_054416_create_dj_schedules',14),
(31,'2022_02_11_201357_create_orders_table',15),
(32,'2022_02_28_172638_add_description_in_users',16),
(33,'2022_02_28_224503_create_inquiries_table',17),
(34,'2022_03_01_000949_alter_orders_table',18),
(35,'2022_03_14_133433_add_is_featured_in_albums',19),
(36,'2022_03_14_165830_create_table_shoutbox_messages',20),
(37,'2022_06_14_023329_update_user_table',21),
(38,'2022_09_22_051153_create_brands',22),
(39,'2022_09_22_065636_update_users_table',22),
(40,'2022_09_22_071011_table_item_type',22),
(41,'2022_09_22_071355_add_item_type_permissions',22),
(42,'2022_09_22_074251_table_common_issues',22),
(43,'2022_09_22_191848_create_products_table',23),
(44,'2022_09_22_192840_add_products_permissions',24),
(45,'2022_09_23_014748_add_column_in_products',25),
(46,'2022_09_23_194623_addbulkuploadpermission',26),
(47,'2022_09_23_201840_createpermissionsforexports',27),
(48,'2022_09_26_190505_create_tickets_table',28),
(49,'2022_09_28_012439_create_table_ticket_activities',29),
(50,'2022_09_28_012922_alter_tickets_table',29),
(55,'2022_09_28_174109_add_user_id_in_tickets',30),
(56,'2022_09_28_174728_add_warranty_claim_role',30),
(57,'2022_09_30_002533_alter_tickets_table_add_customer_details_provides',31),
(58,'2022_10_03_070537_create_files_table',32),
(59,'2022_10_03_100137_add_warehouse_role',33),
(60,'2022_10_03_124320_create_ticket_messages',34),
(61,'2022_10_04_053727_add_replacement_refundrole',35),
(62,'2022_10_04_072137_add_resource_role',35),
(63,'2022_10_05_214534_add_tech_support_role',36),
(64,'2022_10_11_193432_add_ticket_number_in_tickets',37),
(65,'2022_10_11_194520_create_email_templates_table',38),
(66,'2022_10_11_195313_add_country_in_tickets',39),
(67,'2022_10_11_220355_add_initial_resolution_in_tickets',40),
(68,'2022_10_11_221656_add_ticket_json_in_tickets',41),
(69,'2022_10_11_232705_add_columns_in_ticket_replacement',42),
(72,'2022_10_12_004145_create_ticketrefunds_table',43),
(74,'2022_10_12_202657_create_asc_table',44),
(75,'2022_10_12_203105_add_a_s_c_permissions',45),
(76,'2022_10_12_204528_create_ticket_repairs_table',46),
(77,'2022_10_18_005141_add_parts_role',47);

/*Table structure for table `notifications` */

DROP TABLE IF EXISTS `notifications`;

CREATE TABLE `notifications` (
  `id` char(36) COLLATE utf8mb4_unicode_ci NOT NULL,
  `type` varchar(255) COLLATE utf8mb4_unicode_ci NOT NULL,
  `notifiable_type` varchar(255) COLLATE utf8mb4_unicode_ci NOT NULL,
  `notifiable_id` bigint(20) unsigned NOT NULL,
  `data` text COLLATE utf8mb4_unicode_ci NOT NULL,
  `read_at` timestamp NULL DEFAULT NULL,
  `created_at` timestamp NULL DEFAULT NULL,
  `updated_at` timestamp NULL DEFAULT NULL,
  PRIMARY KEY (`id`),
  KEY `notifications_notifiable_type_notifiable_id_index` (`notifiable_type`,`notifiable_id`)
) ENGINE=InnoDB DEFAULT CHARSET=utf8mb4 COLLATE=utf8mb4_unicode_ci;

/*Data for the table `notifications` */

/*Table structure for table `oauth_access_tokens` */

DROP TABLE IF EXISTS `oauth_access_tokens`;

CREATE TABLE `oauth_access_tokens` (
  `id` varchar(100) COLLATE utf8mb4_unicode_ci NOT NULL,
  `user_id` bigint(20) unsigned DEFAULT NULL,
  `client_id` char(36) COLLATE utf8mb4_unicode_ci NOT NULL,
  `name` varchar(255) COLLATE utf8mb4_unicode_ci DEFAULT NULL,
  `scopes` text COLLATE utf8mb4_unicode_ci DEFAULT NULL,
  `revoked` tinyint(1) NOT NULL,
  `created_at` timestamp NULL DEFAULT NULL,
  `updated_at` timestamp NULL DEFAULT NULL,
  `expires_at` datetime DEFAULT NULL,
  PRIMARY KEY (`id`),
  KEY `oauth_access_tokens_user_id_index` (`user_id`)
) ENGINE=InnoDB DEFAULT CHARSET=utf8mb4 COLLATE=utf8mb4_unicode_ci;

/*Data for the table `oauth_access_tokens` */

insert  into `oauth_access_tokens`(`id`,`user_id`,`client_id`,`name`,`scopes`,`revoked`,`created_at`,`updated_at`,`expires_at`) values 
('012b1e4c5df5252d47dffc953bb9ee775950219be5a6337c2cd7fbb3c6c13b36f6e55ebe1de19d51',69,'9571556e-51fa-41f1-a907-f0c4d8654ea3','Obsession Password Grant','[]',0,'2022-10-13 19:13:42','2022-10-13 19:13:42','2023-04-13 19:13:42'),
('0151b8ab8c189bce430b7cbc68177f31109f131e6b632ac2236cbc983802101446a0b5ad97d3eb0a',52,'9571556e-51fa-41f1-a907-f0c4d8654ea3','Obsession Password Grant','[]',0,'2022-08-22 21:26:28','2022-08-22 21:26:28','2023-02-23 04:26:28'),
('021b345aba6101c4dfc7ad0d198cc89f21d8d5478087392bcc9f392ddd6a76ebb233b6afd98b7c62',52,'9571556e-51fa-41f1-a907-f0c4d8654ea3','Obsession Password Grant','[]',0,'2022-09-22 01:39:19','2022-09-22 01:39:19','2023-03-22 01:39:19'),
('02b927ab0f55cc8915433c535c11b1a41f53a5e16272c44e5f918b02d17fbe11ee90d4750976beb8',56,'9571556e-51fa-41f1-a907-f0c4d8654ea3','Obsession Password Grant','[]',0,'2022-10-13 20:23:52','2022-10-13 20:23:52','2023-04-13 20:23:52'),
('02ee1eac299f49f3dd2e3da86ecc3bd8001fa6dff1bdf9652b49c5784938bb85c624fdd16464177f',64,'9571556e-51fa-41f1-a907-f0c4d8654ea3','Obsession Password Grant','[]',0,'2022-10-05 22:19:16','2022-10-05 22:19:16','2023-04-05 22:19:16'),
('091ec20758aaf175f3af4db649287910671ddf4f4d19dea7b7b33df507035f48705102272a00b5cb',56,'9571556e-51fa-41f1-a907-f0c4d8654ea3','Obsession Password Grant','[]',0,'2022-09-28 20:02:51','2022-09-28 20:02:51','2023-03-28 20:02:51'),
('09b84d95e9e1fad26060e6db7f63853785159249366c65f7a9318caf20bef4db7a2030bfefdaed07',52,'9571556e-51fa-41f1-a907-f0c4d8654ea3','Obsession Password Grant','[]',0,'2022-10-18 01:01:17','2022-10-18 01:01:17','2023-04-18 01:01:17'),
('09f54246da9f4c81a798af8a3630a69a84ebf0290f867222e03e00057b0d3785837e45f12b2336a5',56,'9571556e-51fa-41f1-a907-f0c4d8654ea3','Obsession Password Grant','[]',0,'2022-10-03 10:55:25','2022-10-03 10:55:25','2023-04-03 10:55:25'),
('0af2ce2d64b2b0f7571cf7514e559987b81c8dce2595a9cf3e1aa9bf0853c3964d446ac2ed29e29d',56,'9571556e-51fa-41f1-a907-f0c4d8654ea3','Obsession Password Grant','[]',0,'2022-10-06 22:50:29','2022-10-06 22:50:29','2023-04-06 22:50:29'),
('0bea1d818ffe23692df5dc9b6eaa7bc28f1138036bbfe6d0ce0c1fb8e2cd219c640d3b204fa440aa',52,'9571556e-51fa-41f1-a907-f0c4d8654ea3','Obsession Password Grant','[]',0,'2022-09-23 19:45:30','2022-09-23 19:45:30','2023-03-23 19:45:30'),
('0c0580a401c7e500039826e4e0b1a499e521b1f4e55cbc6565deccb15df92e0a6901e426becb203a',52,'9571556e-51fa-41f1-a907-f0c4d8654ea3','Obsession Password Grant','[]',0,'2022-09-28 19:48:53','2022-09-28 19:48:53','2023-03-28 19:48:53'),
('0d321320bacd6a6e50dc4bf5b4c2e9deca1fa1b2382fdaa0f9e77d9b4789b4ecd1379d21027116a5',71,'9571556e-51fa-41f1-a907-f0c4d8654ea3','Obsession Password Grant','[]',0,'2022-10-18 01:05:53','2022-10-18 01:05:53','2023-04-18 01:05:53'),
('0f516086901ab40f8ca8e80412b92c2f2ce998a18b0cadb65e4dffa1cc418d5f691ec7aa077c30b6',52,'9571556e-51fa-41f1-a907-f0c4d8654ea3','Obsession Password Grant','[]',0,'2022-10-13 19:22:34','2022-10-13 19:22:34','2023-04-13 19:22:34'),
('11a1948451843113b1d8e208c7a5da1104f9fadff2dfe0f619e14c3c58b362b9a66d28f4e1756ce3',52,'9571556e-51fa-41f1-a907-f0c4d8654ea3','Laravel Password Grant Client','[]',0,'2022-01-25 11:46:15','2022-01-25 11:46:15','2022-07-26 00:46:15'),
('11e98cbb921292023e0ed11444fc2a426114a2319f7ec2514bbd2693162bce9bd69751ab8ab88449',52,'9571556e-51fa-41f1-a907-f0c4d8654ea3','Obsession Password Grant','[]',0,'2022-08-17 18:49:37','2022-08-17 18:49:37','2023-02-18 06:49:37'),
('1347a83ea70e1d2475a2acb97b609d84d8b0907d9d3632ec9081d1266a52949adb0be35f9acd5986',52,'9571556e-51fa-41f1-a907-f0c4d8654ea3','Obsession Password Grant','[]',0,'2022-09-08 20:33:00','2022-09-08 20:33:00','2023-03-08 20:33:00'),
('15400f2e72e817398a5ec6959820a41913061c579eae3149a5116a324ac8e793e1f5f7101f8d5d24',56,'9571556e-51fa-41f1-a907-f0c4d8654ea3','Obsession Password Grant','[]',0,'2022-10-06 22:51:44','2022-10-06 22:51:44','2023-04-06 22:51:44'),
('171aa231971e06b7ffb5070b6273f9b986985f2e5af392e5d95711959835c68a543fd4c08be86eb4',52,'9571556e-51fa-41f1-a907-f0c4d8654ea3','Obsession Password Grant','[]',0,'2022-08-20 13:36:34','2022-08-20 13:36:34','2023-02-20 20:36:34'),
('17712f5cacd2529d22a795241c4eba6f557658d1c5e4d1ea59ea8312e4dd5f36ff86525ba9425572',57,'9571556e-51fa-41f1-a907-f0c4d8654ea3','Obsession Password Grant','[]',0,'2022-09-30 05:17:42','2022-09-30 05:17:42','2023-03-30 05:17:42'),
('1803f4af0d3aa2d589bf94e48e6a725affb18d2878cce57cfdb4df67eeb0285695b5ac91fd98b37d',52,'9571556e-51fa-41f1-a907-f0c4d8654ea3','Obsession Password Grant','[]',0,'2022-08-15 19:18:08','2022-08-15 19:18:08','2023-02-16 07:18:08'),
('1a0544c1dec538f48a4e9aac8722f60f233c9c8342626dc88afd6a8b11fa2597c38df2ca82c7a815',52,'9571556e-51fa-41f1-a907-f0c4d8654ea3','Obsession Password Grant','[]',0,'2022-10-12 21:54:59','2022-10-12 21:54:59','2023-04-12 21:54:59'),
('203eaf131d4862cf7941bf9866d000ea6272ff42b6595a02930946584d74bde5d3dba57283fd5b31',56,'9571556e-51fa-41f1-a907-f0c4d8654ea3','Obsession Password Grant','[]',0,'2022-10-06 17:59:02','2022-10-06 17:59:02','2023-04-06 17:59:02'),
('2303b8691c82ff89fcf9663cc694f00d46443a400451b55e2a4324217c7d0172ecc1c896456baf52',56,'9571556e-51fa-41f1-a907-f0c4d8654ea3','Obsession Password Grant','[]',0,'2022-10-10 21:41:44','2022-10-10 21:41:44','2023-04-10 21:41:44'),
('27b7b2004d7678ad715d3d6d9e3d0027ce94715225ab48e51ace3daea71ff3236ebc702830c0e7f1',52,'9571556e-51fa-41f1-a907-f0c4d8654ea3','Obsession Password Grant','[]',0,'2022-09-22 17:42:59','2022-09-22 17:42:59','2023-03-22 17:42:59'),
('33760deebe8ad65b24e81ea30f73dbe16b8d3a9bed88ff5785bd9d3e36177a1775eff07340c1686f',56,'9571556e-51fa-41f1-a907-f0c4d8654ea3','Obsession Password Grant','[]',0,'2022-10-11 20:17:36','2022-10-11 20:17:36','2023-04-11 20:17:36'),
('3d96e304d30ac4edb7736303cff1a08a699cb90a432311ea6f5326a6a7aff4d68d84da9b7479aeff',56,'9571556e-51fa-41f1-a907-f0c4d8654ea3','Obsession Password Grant','[]',0,'2022-10-03 10:07:30','2022-10-03 10:07:30','2023-04-03 10:07:30'),
('3e00d8436b4fc6b65975a5c721be75eb5b1eb2d63206b4c4da22b9c5395d390663a4575dbd8b0fb7',52,'9571556e-51fa-41f1-a907-f0c4d8654ea3','Obsession Password Grant','[]',0,'2022-10-03 10:02:24','2022-10-03 10:02:24','2023-04-03 10:02:24'),
('3eadd545b01742038d32d4bfb3eabeb422e1bb439fa8ffe5b848727f13c6da63f20562bcd6846bef',56,'9571556e-51fa-41f1-a907-f0c4d8654ea3','Obsession Password Grant','[]',0,'2022-10-13 19:14:10','2022-10-13 19:14:10','2023-04-13 19:14:10'),
('3f9cc8fdc8e7d5129c688d7bcc55c8ae742e1146c7c0752eaa184f8277df704c23b551bd5c7fb58f',52,'9571556e-51fa-41f1-a907-f0c4d8654ea3','Laravel Password Grant Client','[]',0,'2022-03-14 01:32:08','2022-03-14 01:32:08','2022-09-14 13:32:07'),
('43c3325428af9073e8e40f152a70d9e6b3f2d2c4ef9d990e70495a57e84861f0889a865199a4a15d',69,'9571556e-51fa-41f1-a907-f0c4d8654ea3','Obsession Password Grant','[]',0,'2022-10-12 17:38:39','2022-10-12 17:38:39','2023-04-12 17:38:39'),
('44378234b6d2b5dfde27463dad9ca0a67cf28a325b50cc8e7d162e3131469de17dac369f3aad84c7',52,'9571556e-51fa-41f1-a907-f0c4d8654ea3','Obsession Password Grant','[]',0,'2022-08-16 16:12:21','2022-08-16 16:12:21','2023-02-17 04:12:21'),
('496cd91359612022335677fe7aa41d00d772b8b8cf1d3fa6924273c5ea1a8f27315e8186ca2a147f',52,'9571556e-51fa-41f1-a907-f0c4d8654ea3','Laravel Password Grant Client','[]',0,'2022-05-17 08:49:08','2022-05-17 08:49:08','2022-11-17 20:49:06'),
('4ab6d7d49ac6c5ff0bdb1d6197efa59cb05df5fca6e931755143e877d591a42560a62ec1d599ebc5',59,'9571556e-51fa-41f1-a907-f0c4d8654ea3','Obsession Password Grant','[]',0,'2022-10-11 19:33:21','2022-10-11 19:33:21','2023-04-11 19:33:21'),
('4b505b125c88b237005d674accb7aec04f32890c4cca76b49244d7dfd82a24a9f4c52a6f7d2183ee',52,'9571556e-51fa-41f1-a907-f0c4d8654ea3','Obsession Password Grant','[]',0,'2022-10-10 19:11:53','2022-10-10 19:11:53','2023-04-10 19:11:53'),
('4b825bbe0fb610dabed38c12791837e7f1612a6faac8d63b19ed0036178d0a0d169136abceb77f9f',57,'9571556e-51fa-41f1-a907-f0c4d8654ea3','Obsession Password Grant','[]',0,'2022-09-30 06:07:38','2022-09-30 06:07:38','2023-03-30 06:07:38'),
('4fce2aaa0eca263553d960c1a1cb8eecb4edcaad41b9323c2e29a119adc3d902d798480900e84d68',52,'9571556e-51fa-41f1-a907-f0c4d8654ea3','Obsession Password Grant','[]',0,'2022-09-28 20:02:38','2022-09-28 20:02:38','2023-03-28 20:02:38'),
('50180bd4956672a510b454ab6888aabc182c47c52adab27db8cd7ce18626124c498778c23746fd64',52,'9571556e-51fa-41f1-a907-f0c4d8654ea3','Obsession Password Grant','[]',0,'2022-10-18 01:05:16','2022-10-18 01:05:16','2023-04-18 01:05:16'),
('5302064f33a8d6682d957c41b3ec508afd884cadfb3bf4035be112179f7d7ef62312ee6111e63266',57,'9571556e-51fa-41f1-a907-f0c4d8654ea3','Obsession Password Grant','[]',0,'2022-09-30 00:24:45','2022-09-30 00:24:45','2023-03-30 00:24:45'),
('53a9fac833225b2a37eabf30ebdc16ffea31bd535e03e8ba97ce19c4066a9bf2f5eecca7b24bb2ef',52,'9571556e-51fa-41f1-a907-f0c4d8654ea3','Obsession Password Grant','[]',0,'2022-09-30 04:59:58','2022-09-30 04:59:58','2023-03-30 04:59:58'),
('54e6e10a3ff0da365754592af3d6e54e5359afbf21adc542114a89bd696e0c72e15063990d0fe26f',57,'9571556e-51fa-41f1-a907-f0c4d8654ea3','Obsession Password Grant','[]',0,'2022-09-30 06:04:43','2022-09-30 06:04:43','2023-03-30 06:04:43'),
('55933d0b41d3b528f46456de575ae1646d361be7b142f20c70d592a09fc45becd1a0de4db758259f',52,'9571556e-51fa-41f1-a907-f0c4d8654ea3','Obsession Password Grant','[]',0,'2022-10-03 10:54:35','2022-10-03 10:54:35','2023-04-03 10:54:35'),
('59d79a0de7b318ce9511689c82bd02f2257f30189ce019b04a483dc6b444e387ebcd556cd2bb6068',59,'9571556e-51fa-41f1-a907-f0c4d8654ea3','Obsession Password Grant','[]',0,'2022-09-28 19:43:39','2022-09-28 19:43:39','2023-03-28 19:43:39'),
('59feb8e013a3a51e3dd37659f5fee089311b1097ba066223e7883a359778c83432cf617f74da10ac',57,'9571556e-51fa-41f1-a907-f0c4d8654ea3','Obsession Password Grant','[]',0,'2022-09-30 05:00:19','2022-09-30 05:00:19','2023-03-30 05:00:19'),
('5aa16bc5b1435abe851e571bd806c74cb421345bb8805bf0d3a78ff34e6b5de7c2fa704cea8b86c5',52,'9571556e-51fa-41f1-a907-f0c4d8654ea3','Obsession Password Grant','[]',0,'2022-08-16 15:59:58','2022-08-16 15:59:58','2023-02-17 03:59:58'),
('5dc59495d0af6394401b1a850e2e47280054c493077ac5c464c18eb77e0f0e2702904ba649b05a65',68,'9571556e-51fa-41f1-a907-f0c4d8654ea3','Obsession Password Grant','[]',0,'2022-10-13 19:17:53','2022-10-13 19:17:53','2023-04-13 19:17:53'),
('613581058f23c604bd17029d1352b3e5bf0e3c23697f55258d84d1cf5d1fd01b360fd20aafb54bcf',70,'9571556e-51fa-41f1-a907-f0c4d8654ea3','Obsession Password Grant','[]',0,'2022-10-12 21:46:04','2022-10-12 21:46:04','2023-04-12 21:46:04'),
('633acaecb9a01a12c5e921936e9ad4f696e87c8794e5d1fe37181adab6be0cfa5b6cd8628cf45efd',52,'9571556e-51fa-41f1-a907-f0c4d8654ea3','Laravel Password Grant Client','[]',0,'2022-02-11 05:03:04','2022-02-11 05:03:04','2022-08-11 18:03:03'),
('6d8d7b082fc31269ebdd47157443146a2b842d5be4c9a13ec6a999782400735f0e304b4b28ed21cb',52,'9571556e-51fa-41f1-a907-f0c4d8654ea3','Obsession Password Grant','[]',0,'2022-08-17 19:02:42','2022-08-17 19:02:42','2023-02-18 07:02:42'),
('6da55cf7280585a027511d8e1af6a56c3530c47143d7ba1f66f2c1cb6efb3b02caeaf8e9af85905e',71,'9571556e-51fa-41f1-a907-f0c4d8654ea3','Obsession Password Grant','[]',0,'2022-10-18 01:02:52','2022-10-18 01:02:52','2023-04-18 01:02:52'),
('6e2cf274081c63d6019ef49066fe3c20b96029118c3ca0312423ad992475552c99eb55ae4b784daf',56,'9571556e-51fa-41f1-a907-f0c4d8654ea3','Obsession Password Grant','[]',0,'2022-10-12 00:52:42','2022-10-12 00:52:42','2023-04-12 00:52:42'),
('7152db06cc2aa2cc937c24920d5723c4e9f6f19590dc5e80e20ec19b786cc42129cb1a6ed3cee0de',64,'9571556e-51fa-41f1-a907-f0c4d8654ea3','Obsession Password Grant','[]',0,'2022-10-06 22:10:58','2022-10-06 22:10:58','2023-04-06 22:10:58'),
('73c79ffe46df8c61b89db4743070d288f5942003925d35af5e1884608edac8a617689726841e6cbe',56,'9571556e-51fa-41f1-a907-f0c4d8654ea3','Obsession Password Grant','[]',0,'2022-10-06 22:19:19','2022-10-06 22:19:19','2023-04-06 22:19:19'),
('78f4f91d5c536531d6c87ad01f6d84f18394613b9566d09884beded629fc88781f96254410f81f3d',56,'9571556e-51fa-41f1-a907-f0c4d8654ea3','Obsession Password Grant','[]',0,'2022-09-28 19:49:43','2022-09-28 19:49:43','2023-03-28 19:49:43'),
('805f19031c4ed00a889b34b510ead6b29ad23db60da02351c8ef011c4d29fdf1ea22fcb1384e19bb',52,'9571556e-51fa-41f1-a907-f0c4d8654ea3','Laravel Password Grant Client','[]',0,'2022-01-25 18:03:52','2022-01-25 18:03:52','2022-07-26 07:03:52'),
('82ed14e0b4596a02ce70a6b6cf91d1b4ecf97d97398463ca5600e45afe6f93bb5997f5f6f4d9d105',52,'9571556e-51fa-41f1-a907-f0c4d8654ea3','Laravel Password Grant Client','[]',0,'2022-02-04 10:10:25','2022-02-04 10:10:25','2022-08-04 23:10:24'),
('83498451c6013ce5bfe331f9c582edadf3989fe277f4880cf1e3b6880d30daac16335442a15c899f',52,'9571556e-51fa-41f1-a907-f0c4d8654ea3','Obsession Password Grant','[]',0,'2022-09-30 00:24:34','2022-09-30 00:24:34','2023-03-30 00:24:34'),
('85ef7c32cf4c43bc1a0023508e69c450a8984870d9e1c2a80637d27b31dfe8bc07902670522fa85f',52,'9571556e-51fa-41f1-a907-f0c4d8654ea3','Obsession Password Grant','[]',1,'2022-09-30 06:06:10','2022-09-30 06:06:10','2023-03-30 06:06:10'),
('862f8732bc90196b346e872cb2c3e13d64270f6b64cc76d43b423686896e1bd7f5afb3edca3e59d1',69,'9571556e-51fa-41f1-a907-f0c4d8654ea3','Obsession Password Grant','[]',0,'2022-10-12 20:20:36','2022-10-12 20:20:36','2023-04-12 20:20:36'),
('8b5d2e574d4bd92aa65306597001b460edb9dada196ab80d1f4647b4b15cebba8ee8ec6cd6654f97',57,'9571556e-51fa-41f1-a907-f0c4d8654ea3','Obsession Password Grant','[]',0,'2022-10-03 06:48:53','2022-10-03 06:48:53','2023-04-03 06:48:53'),
('8c69c139cd993bf68ac831eb2896a771f210d824d5f78ab19487fc1f55a9177451bd732bad3b60fe',56,'9571556e-51fa-41f1-a907-f0c4d8654ea3','Obsession Password Grant','[]',0,'2022-10-13 19:20:48','2022-10-13 19:20:48','2023-04-13 19:20:48'),
('8c795899522a2bd8dc94887961eb0021c9193abffe56b75a37f66bfd915766c38b6caf2751ce8b4e',56,'9571556e-51fa-41f1-a907-f0c4d8654ea3','Obsession Password Grant','[]',0,'2022-10-06 01:36:30','2022-10-06 01:36:30','2023-04-06 01:36:30'),
('8cde95c94abc34aecdbd145ad375f4d133dd41f53974968db4ed395d8c326e12f889c0fcaa99ebb7',52,'9571556e-51fa-41f1-a907-f0c4d8654ea3','Obsession Password Grant','[]',0,'2022-08-19 18:39:48','2022-08-19 18:39:48','2023-02-20 01:39:48'),
('8d0e0b61fb58597dc9c36389ef922480648575bc5fa5fdd550256644694f7c164404df536cefe519',56,'9571556e-51fa-41f1-a907-f0c4d8654ea3','Obsession Password Grant','[]',0,'2022-10-03 07:39:18','2022-10-03 07:39:18','2023-04-03 07:39:18'),
('93c3dbd4fcb6bc96e64d79deae240a517365a3a0bc6f653a3c8968b927d6befa2b09acb5acc1ccea',52,'9571556e-51fa-41f1-a907-f0c4d8654ea3','Obsession Password Grant','[]',0,'2022-08-16 16:10:43','2022-08-16 16:10:43','2023-02-17 04:10:43'),
('97a5324c668e67ac190373d4fd930394396f9993a35c5a8f7bf12823300a62cc38edbd60f0b0dc7f',68,'9571556e-51fa-41f1-a907-f0c4d8654ea3','Obsession Password Grant','[]',0,'2022-10-12 00:53:51','2022-10-12 00:53:51','2023-04-12 00:53:51'),
('989d717b7643d4b147cc1175d02640299ce7c4765909c1e5092b1737596c936b7dee62d617ad1b27',52,'9571556e-51fa-41f1-a907-f0c4d8654ea3','Obsession Password Grant','[]',0,'2022-08-17 18:37:30','2022-08-17 18:37:30','2023-02-18 06:37:30'),
('9ffaa98db1c98b529e03793521711d44f7e66aac0f31b09e7b6ce946729f26126743cabdbf381cef',52,'9571556e-51fa-41f1-a907-f0c4d8654ea3','Obsession Password Grant','[]',0,'2022-09-21 22:49:47','2022-09-21 22:49:47','2023-03-21 22:49:47'),
('a04b0311d8d3d77b517ebc4085571f0ba9a4f2901a8aab622cefbe4bd1380de098b6f6b38c8b876b',56,'9571556e-51fa-41f1-a907-f0c4d8654ea3','Obsession Password Grant','[]',0,'2022-10-13 19:04:24','2022-10-13 19:04:24','2023-04-13 19:04:24'),
('a5e434cc050831dbae4645f58b0dee27c5e01346c6209e306dd65b4f1bea591f39f2198cfce93239',52,'9571556e-51fa-41f1-a907-f0c4d8654ea3','Obsession Password Grant','[]',0,'2022-10-17 18:37:29','2022-10-17 18:37:29','2023-04-17 18:37:29'),
('a96a78cf4698c8c9257d114074b0a8909faca73b4246fc2e4f05f65104f1d2d6c65c703120c9e540',52,'9571556e-51fa-41f1-a907-f0c4d8654ea3','Obsession Password Grant','[]',0,'2022-08-16 15:59:23','2022-08-16 15:59:23','2023-02-17 03:59:23'),
('aa7b2a3f3bbf2380e84b88cb0bb70d4832f0edef49c13d7fa15f82761e334ae5410db0deade8c156',63,'9571556e-51fa-41f1-a907-f0c4d8654ea3','Obsession Password Grant','[]',0,'2022-10-03 10:31:47','2022-10-03 10:31:47','2023-04-03 10:31:47'),
('abb2e90e4c1a2b43dec5f9786ab570d026cb74b4fbe1bc45613abe09a4ea19484e3cb12a1df2c542',70,'9571556e-51fa-41f1-a907-f0c4d8654ea3','Obsession Password Grant','[]',0,'2022-10-13 18:02:06','2022-10-13 18:02:06','2023-04-13 18:02:06'),
('ac526c10eac68dbf162c57ed7b9bd67004be01d9554ed06ed31f59acfe66041287d9f556a8cb7993',57,'9571556e-51fa-41f1-a907-f0c4d8654ea3','Obsession Password Grant','[]',0,'2022-10-03 10:55:47','2022-10-03 10:55:47','2023-04-03 10:55:47'),
('bce14319a5b365375613f58e15bf141b49e15f4b07e7249f07a443681b185262d45e5decfa0ef8b9',52,'9571556e-51fa-41f1-a907-f0c4d8654ea3','Obsession Password Grant','[]',0,'2022-10-06 22:27:37','2022-10-06 22:27:37','2023-04-06 22:27:37'),
('be886c6d039bba371b70fc0be1d5cd122307f32bc347e0d9e2e080fefb1feff7a890cf9f060f94b2',56,'9571556e-51fa-41f1-a907-f0c4d8654ea3','Obsession Password Grant','[]',0,'2022-10-12 21:18:26','2022-10-12 21:18:26','2023-04-12 21:18:26'),
('c2e20131709ba43a2622981c9b9dbbdd9b2891553abd6ae0610201ac1533d49c49d2eef2636a5fb7',52,'9571556e-51fa-41f1-a907-f0c4d8654ea3','Obsession Password Grant','[]',0,'2022-10-13 01:53:32','2022-10-13 01:53:32','2023-04-13 01:53:32'),
('c3b1e5e369d8cb968c973bccd42c5aee4abada620252743ab9d016a38475e2e1e1a29031f463b57b',52,'9571556e-51fa-41f1-a907-f0c4d8654ea3','Laravel Password Grant Client','[]',0,'2022-02-28 03:58:34','2022-02-28 03:58:34','2022-08-28 16:58:33'),
('c8b7a03d162ea79ed4b38ef4b7aa2e7000dd80bceb80fcc7538e08ff09a8107894195f70699dc907',52,'9571556e-51fa-41f1-a907-f0c4d8654ea3','Laravel Password Grant Client','[]',0,'2022-02-01 00:36:08','2022-02-01 00:36:08','2022-08-01 13:36:07'),
('cad4ec0fcee28000e7e2b7bc4f9019b335285f87bea1f0de6e53c28ccada10a4cf21f2ad15764eaf',52,'9571556e-51fa-41f1-a907-f0c4d8654ea3','Obsession Password Grant','[]',0,'2022-08-16 20:34:20','2022-08-16 20:34:20','2023-02-17 08:34:20'),
('cd2563c795ee8c8388a6113c3f156a8e542281017f838c64830060e769fc3597bcd153e203ffd867',56,'9571556e-51fa-41f1-a907-f0c4d8654ea3','Obsession Password Grant','[]',0,'2022-10-06 22:49:04','2022-10-06 22:49:04','2023-04-06 22:49:04'),
('cdc50158e5a6f29c325ddaa76b686e8b99c54744cac07edf988447dbf46eca8385f52d5d25b1cfdc',52,'9571556e-51fa-41f1-a907-f0c4d8654ea3','Obsession Password Grant','[]',0,'2022-09-07 22:02:22','2022-09-07 22:02:22','2023-03-07 22:02:22'),
('d17a482564a4c8f9e85fe3d16f24cbca93d3647410f6cbf92ba53af1e3ef0732e86395e13faf6a1e',53,'9571556e-51fa-41f1-a907-f0c4d8654ea3','Obsession Password Grant','[]',0,'2022-08-19 20:04:17','2022-08-19 20:04:17','2023-02-19 20:04:17'),
('d2bbf779182a82fbc0cf73113d952bb9737ee98452284c48ccad0297ef8e3ed5100d34b30b80a1d3',68,'9571556e-51fa-41f1-a907-f0c4d8654ea3','Obsession Password Grant','[]',0,'2022-10-11 23:07:07','2022-10-11 23:07:07','2023-04-11 23:07:07'),
('d4b7a0678af21535f61b7e45cd4942fe133489b4104b472f9d3f537e5fc55b4a324c051b5a7d2bdc',69,'9571556e-51fa-41f1-a907-f0c4d8654ea3','Obsession Password Grant','[]',0,'2022-10-11 23:55:47','2022-10-11 23:55:47','2023-04-11 23:55:47'),
('d92ff7fd353c6b31bf9d7795f6b2fc3681a81e2e7fb7bfe64ab84fd80b5c1b763128d31221a10613',60,'9571556e-51fa-41f1-a907-f0c4d8654ea3','Obsession Password Grant','[]',0,'2022-10-06 22:07:48','2022-10-06 22:07:48','2023-04-06 22:07:48'),
('dfdda1227eb8f5859d9fb798ebdf9ff86d30c389c64ecd579238975ab603b836721630ec2080dd99',52,'9571556e-51fa-41f1-a907-f0c4d8654ea3','Obsession Password Grant','[]',0,'2022-09-30 06:07:30','2022-09-30 06:07:30','2023-03-30 06:07:30'),
('e1937fbbf8614616f728577d4ae3ce7d3e8ebf1f477079b778728ae65ad722f25e4f360ad9d5dbe3',57,'9571556e-51fa-41f1-a907-f0c4d8654ea3','Obsession Password Grant','[]',0,'2022-09-30 06:05:41','2022-09-30 06:05:41','2023-03-30 06:05:41'),
('e53e34375f25b9d067098a45fab5d7a545b779b88f4a3dc1bed56f932344fe2b36c9fd5af5a32565',52,'9571556e-51fa-41f1-a907-f0c4d8654ea3','Obsession Password Grant','[]',0,'2022-09-30 06:04:31','2022-09-30 06:04:31','2023-03-30 06:04:31'),
('e62171e1c20517e1c4f063b35ef63d7c48b8c0c9839edd668fde1040afca55bd64a4d7ea9dbe9042',52,'9571556e-51fa-41f1-a907-f0c4d8654ea3','Obsession Password Grant','[]',0,'2022-10-10 18:17:51','2022-10-10 18:17:51','2023-04-10 18:17:51'),
('e95bd7a2dac2611fd619bcac3a16e33abae791dc1b023d8c3baece06141bb24fb0626299fdf30258',62,'9571556e-51fa-41f1-a907-f0c4d8654ea3','Obsession Password Grant','[]',0,'2022-10-06 22:50:59','2022-10-06 22:50:59','2023-04-06 22:50:59'),
('e9ab1b07a007b09a757179ce20788a8d519a7a91a7771c71269e7754c8d4ab754f14d0efd6b5f78f',52,'9571556e-51fa-41f1-a907-f0c4d8654ea3','Obsession Password Grant','[]',0,'2022-10-18 01:08:46','2022-10-18 01:08:46','2023-04-18 01:08:46'),
('eb87b08d138a090e9b3f4bf5750c396d19d8ebf2b06eb972c085081e7891ceef51a5c30f23b7d5b4',56,'9571556e-51fa-41f1-a907-f0c4d8654ea3','Obsession Password Grant','[]',0,'2022-10-12 20:09:30','2022-10-12 20:09:30','2023-04-12 20:09:30'),
('eccc3e3146275b88810855ade7be179b3d3527c482bb791aa3c713c5891b5783a29720493801ad11',52,'9571556e-51fa-41f1-a907-f0c4d8654ea3','Obsession Password Grant','[]',0,'2022-10-12 20:40:50','2022-10-12 20:40:50','2023-04-12 20:40:50'),
('edf53f55e667a6a8cd42d491f2546248fc81b6b1311ff198cb70df00c41c4e6f61f58ccf1137e737',52,'9571556e-51fa-41f1-a907-f0c4d8654ea3','Obsession Password Grant','[]',0,'2022-08-19 19:17:30','2022-08-19 19:17:30','2023-02-20 02:17:30'),
('f1407e69cd391c91c9ad91d92e91da4fb61f5b1a2d5916272b43e0b1c867b6e1733810439550ce38',68,'9571556e-51fa-41f1-a907-f0c4d8654ea3','Obsession Password Grant','[]',0,'2022-10-13 19:20:38','2022-10-13 19:20:38','2023-04-13 19:20:38'),
('f1ad67260b282fdc1d711a78a8614270e2f197ba2f263dde5e82f70102bfdf66c8b28c3282eb80b8',52,'9571556e-51fa-41f1-a907-f0c4d8654ea3','Obsession Password Grant','[]',0,'2022-08-19 18:45:14','2022-08-19 18:45:14','2023-02-20 01:45:14'),
('f202c618ef05eda24e5025edcb58e9f8d5103abc3ecffcd0aa3ef77120808e601d11d7d7129edc83',69,'9571556e-51fa-41f1-a907-f0c4d8654ea3','Obsession Password Grant','[]',0,'2022-10-12 00:54:14','2022-10-12 00:54:14','2023-04-12 00:54:14'),
('f5799bfc6c1e41e90407a2874601b061bd5620d581b7d4bd737e725461f3163060d332e187417f46',56,'9571556e-51fa-41f1-a907-f0c4d8654ea3','Obsession Password Grant','[]',0,'2022-10-13 20:27:41','2022-10-13 20:27:41','2023-04-13 20:27:41'),
('f7306ca603752ae3e5178c1a66371c9f39e1aa09fced5dfec7a1dda145df80262ee29f2f859ac0b4',52,'9571556e-51fa-41f1-a907-f0c4d8654ea3','Obsession Password Grant','[]',0,'2022-08-16 15:59:08','2022-08-16 15:59:08','2023-02-17 03:59:08'),
('fe58a29a6f9df61df9804d6ae8e6782829fe3df5ad716ce49fc7a02df5ef5113aac34836516fbc54',70,'9571556e-51fa-41f1-a907-f0c4d8654ea3','Obsession Password Grant','[]',0,'2022-10-13 20:24:11','2022-10-13 20:24:11','2023-04-13 20:24:11');

/*Table structure for table `oauth_auth_codes` */

DROP TABLE IF EXISTS `oauth_auth_codes`;

CREATE TABLE `oauth_auth_codes` (
  `id` varchar(100) COLLATE utf8mb4_unicode_ci NOT NULL,
  `user_id` bigint(20) unsigned NOT NULL,
  `client_id` char(36) COLLATE utf8mb4_unicode_ci NOT NULL,
  `scopes` text COLLATE utf8mb4_unicode_ci DEFAULT NULL,
  `revoked` tinyint(1) NOT NULL,
  `expires_at` datetime DEFAULT NULL,
  PRIMARY KEY (`id`),
  KEY `oauth_auth_codes_user_id_index` (`user_id`)
) ENGINE=InnoDB DEFAULT CHARSET=utf8mb4 COLLATE=utf8mb4_unicode_ci;

/*Data for the table `oauth_auth_codes` */

/*Table structure for table `oauth_clients` */

DROP TABLE IF EXISTS `oauth_clients`;

CREATE TABLE `oauth_clients` (
  `id` char(36) COLLATE utf8mb4_unicode_ci NOT NULL,
  `user_id` bigint(20) unsigned DEFAULT NULL,
  `name` varchar(255) COLLATE utf8mb4_unicode_ci NOT NULL,
  `secret` varchar(100) COLLATE utf8mb4_unicode_ci DEFAULT NULL,
  `provider` varchar(255) COLLATE utf8mb4_unicode_ci DEFAULT NULL,
  `redirect` text COLLATE utf8mb4_unicode_ci NOT NULL,
  `personal_access_client` tinyint(1) NOT NULL,
  `password_client` tinyint(1) NOT NULL,
  `revoked` tinyint(1) NOT NULL,
  `created_at` timestamp NULL DEFAULT NULL,
  `updated_at` timestamp NULL DEFAULT NULL,
  PRIMARY KEY (`id`),
  KEY `oauth_clients_user_id_index` (`user_id`)
) ENGINE=InnoDB DEFAULT CHARSET=utf8mb4 COLLATE=utf8mb4_unicode_ci;

/*Data for the table `oauth_clients` */

insert  into `oauth_clients`(`id`,`user_id`,`name`,`secret`,`provider`,`redirect`,`personal_access_client`,`password_client`,`revoked`,`created_at`,`updated_at`) values 
('9571556e-51fa-41f1-a907-f0c4d8654ea3',NULL,'Obsession Digital Radio Api Personal Access Client','MmkS21q5fisiqbLV3gtIUJoEvxrI4kNkO6lUrKTb',NULL,'http://localhost',1,0,0,'2022-01-25 11:46:11','2022-01-25 11:46:11'),
('9571556e-5c62-49b3-b079-fe6292e97ee5',NULL,'Obsession Digital Radio Api Password Grant Client','KI6rGT2tq4XeNH0knSHdaBbGZO9IFiYZh3BoGehQ','users','http://localhost',0,1,0,'2022-01-25 11:46:11','2022-01-25 11:46:11');

/*Table structure for table `oauth_personal_access_clients` */

DROP TABLE IF EXISTS `oauth_personal_access_clients`;

CREATE TABLE `oauth_personal_access_clients` (
  `id` bigint(20) unsigned NOT NULL AUTO_INCREMENT,
  `client_id` char(36) COLLATE utf8mb4_unicode_ci NOT NULL,
  `created_at` timestamp NULL DEFAULT NULL,
  `updated_at` timestamp NULL DEFAULT NULL,
  PRIMARY KEY (`id`)
) ENGINE=InnoDB AUTO_INCREMENT=3 DEFAULT CHARSET=utf8mb4 COLLATE=utf8mb4_unicode_ci;

/*Data for the table `oauth_personal_access_clients` */

insert  into `oauth_personal_access_clients`(`id`,`client_id`,`created_at`,`updated_at`) values 
(2,'9571556e-51fa-41f1-a907-f0c4d8654ea3','2022-01-25 11:46:11','2022-01-25 11:46:11');

/*Table structure for table `oauth_refresh_tokens` */

DROP TABLE IF EXISTS `oauth_refresh_tokens`;

CREATE TABLE `oauth_refresh_tokens` (
  `id` varchar(100) COLLATE utf8mb4_unicode_ci NOT NULL,
  `access_token_id` varchar(100) COLLATE utf8mb4_unicode_ci NOT NULL,
  `revoked` tinyint(1) NOT NULL,
  `expires_at` datetime DEFAULT NULL,
  PRIMARY KEY (`id`),
  KEY `oauth_refresh_tokens_access_token_id_index` (`access_token_id`)
) ENGINE=InnoDB DEFAULT CHARSET=utf8mb4 COLLATE=utf8mb4_unicode_ci;

/*Data for the table `oauth_refresh_tokens` */

/*Table structure for table `password_resets` */

DROP TABLE IF EXISTS `password_resets`;

CREATE TABLE `password_resets` (
  `email` varchar(255) COLLATE utf8mb4_unicode_ci NOT NULL,
  `token` varchar(255) COLLATE utf8mb4_unicode_ci NOT NULL,
  `created_at` timestamp NULL DEFAULT NULL,
  KEY `password_resets_email_index` (`email`)
) ENGINE=InnoDB DEFAULT CHARSET=utf8mb4 COLLATE=utf8mb4_unicode_ci;

/*Data for the table `password_resets` */

/*Table structure for table `permissions` */

DROP TABLE IF EXISTS `permissions`;

CREATE TABLE `permissions` (
  `id` int(11) NOT NULL AUTO_INCREMENT,
  `name` varchar(255) NOT NULL,
  `title` varchar(255) NOT NULL,
  `updated_at` timestamp NOT NULL DEFAULT current_timestamp() ON UPDATE current_timestamp(),
  `created_at` timestamp NOT NULL DEFAULT current_timestamp(),
  PRIMARY KEY (`id`)
) ENGINE=InnoDB AUTO_INCREMENT=158 DEFAULT CHARSET=utf8mb4;

/*Data for the table `permissions` */

insert  into `permissions`(`id`,`name`,`title`,`updated_at`,`created_at`) values 
(1,'users-list','Users Listing','2022-01-25 11:17:41','2021-10-12 05:36:14'),
(2,'users-create','Users Create','2022-01-25 11:17:47','2021-10-12 05:36:14'),
(3,'users-edit','Users Edit','2022-01-25 11:17:53','2021-10-12 05:36:38'),
(4,'users-delete','Users Delete','2022-01-25 11:17:58','2021-10-12 05:36:38'),
(5,'users-view','Users View','2022-01-25 11:18:03','2021-10-12 05:36:59'),
(56,'role-list','Role List','2022-01-25 13:33:06','2022-01-25 13:33:06'),
(57,'role-create','Role Create','2022-01-25 13:33:12','2022-01-25 13:33:09'),
(58,'role-edit','Role Edit','2022-01-25 13:33:18','2022-01-25 13:33:15'),
(59,'role-delete','Role Delete','2022-01-25 13:33:26','2022-01-25 13:33:22'),
(60,'role-view','Role View','2022-01-25 13:33:33','2022-01-25 13:33:30'),
(61,'permission-list','Permission List','2022-01-25 15:02:08','2022-01-25 15:02:08'),
(62,'permission-create','Permission Create','2022-01-25 15:02:20','2022-01-25 15:02:12'),
(63,'permission-edit','Permission Edit','2022-01-25 15:02:27','2022-01-25 15:02:23'),
(64,'permission-delete','Permission Delete','2022-01-25 15:02:34','2022-01-25 15:02:29'),
(65,'permission-view','Permission View','2022-01-25 15:30:13','2022-01-25 15:02:36'),
(118,'brand-list','Brand List','2022-09-21 14:35:47','2022-09-21 14:35:47'),
(119,'brand-create','Brand Create','2022-09-21 14:35:56','2022-09-21 14:35:56'),
(120,'brand-edit','Brand Edit','2022-09-21 14:36:00','2022-09-21 14:36:00'),
(121,'brand-delete','Brand Delete','2022-09-21 14:36:06','2022-09-21 14:36:06'),
(122,'brand-view','Brand View','2022-09-21 14:36:13','2022-09-21 14:36:13'),
(123,'itemtype-listing','Item Type Listing','2022-09-22 17:41:35','2022-09-22 17:41:35'),
(124,'itemtype-view','Item Type View','2022-09-22 17:41:35','2022-09-22 17:41:35'),
(125,'itemtype-create','Item Type Create','2022-09-22 17:41:35','2022-09-22 17:41:35'),
(126,'itemtype-edit','Item Type Edit','2022-09-22 17:41:35','2022-09-22 17:41:35'),
(127,'itemtype-delete','Item Type Delete','2022-09-22 17:41:35','2022-09-22 17:41:35'),
(128,'commonissues-listing','Common Issues Listing','2022-09-22 17:41:35','2022-09-22 17:41:35'),
(129,'commonissues-view','Common Issues View','2022-09-22 17:41:35','2022-09-22 17:41:35'),
(130,'commonissues-create','Common Issues Create','2022-09-22 17:41:36','2022-09-22 17:41:36'),
(131,'commonissues-edit','Common Issues Edit','2022-09-22 17:41:36','2022-09-22 17:41:36'),
(132,'commonissues-delete','Common Issues Delete','2022-09-22 17:41:36','2022-09-22 17:41:36'),
(133,'products-listing','Products Listing','2022-09-22 19:30:10','2022-09-22 19:30:10'),
(134,'products-view','Products View','2022-09-22 19:30:10','2022-09-22 19:30:10'),
(135,'products-create','Products Create','2022-09-22 19:30:10','2022-09-22 19:30:10'),
(136,'products-edit','Products Edit','2022-09-22 19:30:10','2022-09-22 19:30:10'),
(137,'products-delete','Products Delete','2022-09-22 19:30:10','2022-09-22 19:30:10'),
(138,'product-upload-bulk','Product Upload Bulk','2022-09-23 19:49:01','2022-09-23 19:49:01'),
(139,'product-export-excel','Can Product Export Excel','2022-09-23 19:49:01','2022-09-23 19:49:01'),
(140,'brands-export','Brands Export','2022-09-23 20:20:19','2022-09-23 20:20:19'),
(141,'itemtypes-export','Item Types Export','2022-09-23 20:20:19','2022-09-23 20:20:19'),
(142,'users-export','Users Export','2022-09-23 20:20:19','2022-09-23 20:20:19'),
(143,'tickets-listing','Tickets Listing','2022-09-26 19:12:27','2022-09-26 19:12:27'),
(144,'tickets-view','Tickets View','2022-09-26 19:12:27','2022-09-26 19:12:27'),
(145,'tickets-create','Tickets Create','2022-09-26 19:12:27','2022-09-26 19:12:27'),
(146,'tickets-edit','Tickets Edit','2022-09-26 19:12:27','2022-09-26 19:12:27'),
(147,'tickets-delete','Tickets Delete','2022-09-26 19:12:27','2022-09-26 19:12:27'),
(148,'template-listing','Template Listing','2022-10-11 19:52:27','2022-10-11 19:52:27'),
(149,'template-view','Template View','2022-10-11 19:52:27','2022-10-11 19:52:27'),
(150,'template-create','Template Create','2022-10-11 19:52:27','2022-10-11 19:52:27'),
(151,'template-edit','Template Edit','2022-10-11 19:52:27','2022-10-11 19:52:27'),
(152,'template-delete','Template Delete','2022-10-11 19:52:27','2022-10-11 19:52:27'),
(153,'asc-listing','ASC Listing','2022-10-12 20:31:46','2022-10-12 20:31:46'),
(154,'asc-view','ASC View','2022-10-12 20:31:46','2022-10-12 20:31:46'),
(155,'asc-create','ASC Create','2022-10-12 12:32:43','2022-10-12 20:31:46'),
(156,'asc-edit','ASC Edit','2022-10-12 20:31:46','2022-10-12 20:31:46'),
(157,'asc-delete','ASC Delete','2022-10-12 20:31:46','2022-10-12 20:31:46');

/*Table structure for table `personal_access_tokens` */

DROP TABLE IF EXISTS `personal_access_tokens`;

CREATE TABLE `personal_access_tokens` (
  `id` bigint(20) unsigned NOT NULL AUTO_INCREMENT,
  `tokenable_type` varchar(255) COLLATE utf8mb4_unicode_ci NOT NULL,
  `tokenable_id` bigint(20) unsigned NOT NULL,
  `name` varchar(255) COLLATE utf8mb4_unicode_ci NOT NULL,
  `token` varchar(64) COLLATE utf8mb4_unicode_ci NOT NULL,
  `abilities` text COLLATE utf8mb4_unicode_ci DEFAULT NULL,
  `last_used_at` timestamp NULL DEFAULT NULL,
  `created_at` timestamp NULL DEFAULT NULL,
  `updated_at` timestamp NULL DEFAULT NULL,
  PRIMARY KEY (`id`),
  UNIQUE KEY `personal_access_tokens_token_unique` (`token`),
  KEY `personal_access_tokens_tokenable_type_tokenable_id_index` (`tokenable_type`,`tokenable_id`)
) ENGINE=InnoDB DEFAULT CHARSET=utf8mb4 COLLATE=utf8mb4_unicode_ci;

/*Data for the table `personal_access_tokens` */

/*Table structure for table `products` */

DROP TABLE IF EXISTS `products`;

CREATE TABLE `products` (
  `id` bigint(20) unsigned NOT NULL AUTO_INCREMENT,
  `brand_id` bigint(20) unsigned NOT NULL,
  `itme_type_id` bigint(20) unsigned NOT NULL,
  `item_number` varchar(100) COLLATE utf8mb4_unicode_ci NOT NULL,
  `unit` varchar(555) COLLATE utf8mb4_unicode_ci NOT NULL,
  `cad_cost` double(8,2) NOT NULL DEFAULT 0.00,
  `usd_cost` double(8,2) NOT NULL DEFAULT 0.00,
  `depth` double(8,2) NOT NULL DEFAULT 0.00,
  `width` double(8,2) NOT NULL DEFAULT 0.00,
  `height` double(8,2) NOT NULL DEFAULT 0.00,
  `fedex_dimensional_weight` double(8,2) NOT NULL DEFAULT 0.00,
  `created_at` timestamp NULL DEFAULT NULL,
  `updated_at` timestamp NULL DEFAULT NULL,
  `weight` int(11) NOT NULL,
  PRIMARY KEY (`id`),
  KEY `products_brand_id_foreign` (`brand_id`),
  KEY `products_itme_type_id_foreign` (`itme_type_id`),
  CONSTRAINT `products_brand_id_foreign` FOREIGN KEY (`brand_id`) REFERENCES `brands` (`id`),
  CONSTRAINT `products_itme_type_id_foreign` FOREIGN KEY (`itme_type_id`) REFERENCES `item_types` (`id`)
) ENGINE=InnoDB AUTO_INCREMENT=18 DEFAULT CHARSET=utf8mb4 COLLATE=utf8mb4_unicode_ci;

/*Data for the table `products` */

insert  into `products`(`id`,`brand_id`,`itme_type_id`,`item_number`,`unit`,`cad_cost`,`usd_cost`,`depth`,`width`,`height`,`fedex_dimensional_weight`,`created_at`,`updated_at`,`weight`) values 
(8,1,1,'MIS152BULT','6 CAN MINI RETRO BEVERAGE FRIDGE',14.94,19.26,11.00,7.50,10.00,5.94,'2022-09-22 19:45:23','2022-09-23 01:55:21',30),
(17,1,1,'MIS152BULTs','6 CAN MINI RETRO BEVERAGE FRIDGE',14.94,19.26,11.00,7.50,10.00,5.94,'2022-09-22 19:45:23','2022-09-23 01:55:21',30);

/*Table structure for table `roles` */

DROP TABLE IF EXISTS `roles`;

CREATE TABLE `roles` (
  `id` int(11) NOT NULL AUTO_INCREMENT,
  `name` varchar(255) NOT NULL,
  `title` varchar(255) NOT NULL,
  `created_at` timestamp NOT NULL DEFAULT current_timestamp(),
  `updated_at` timestamp NOT NULL DEFAULT current_timestamp() ON UPDATE current_timestamp(),
  PRIMARY KEY (`id`)
) ENGINE=InnoDB AUTO_INCREMENT=27 DEFAULT CHARSET=utf8mb4;

/*Data for the table `roles` */

insert  into `roles`(`id`,`name`,`title`,`created_at`,`updated_at`) values 
(1,'superadmin','Super Admin','2021-10-12 05:35:14','2021-10-12 05:35:14'),
(2,'Customer','Customer','2021-10-12 05:35:14','2022-01-25 11:16:09'),
(13,'agent','Agent','2022-09-28 09:53:12','2022-09-28 09:53:12'),
(14,'cf-warranty-claim','CF - Warranty Claim','2022-09-28 17:59:28','2022-09-28 10:01:07'),
(17,'warehouse','Warehouse','2022-10-03 10:02:15','2022-10-03 10:02:15'),
(18,'replacement','Replacement','2022-10-04 17:43:35','2022-10-04 17:43:35'),
(19,'refund','Refund','2022-10-04 17:43:35','2022-10-04 17:43:35'),
(20,'asc','ASC','2022-10-04 17:43:35','2022-10-04 17:43:35'),
(23,'resource','Resource','2022-10-04 17:43:35','2022-10-04 09:45:45'),
(25,'tech-support','Tech Support','2022-10-05 21:45:59','2022-10-05 21:45:59'),
(26,'parts','Parts','2022-10-18 00:52:12','2022-10-17 16:52:26');

/*Table structure for table `roles_permissions` */

DROP TABLE IF EXISTS `roles_permissions`;

CREATE TABLE `roles_permissions` (
  `id` int(11) NOT NULL AUTO_INCREMENT,
  `role_id` int(11) NOT NULL,
  `permission_id` int(11) NOT NULL,
  `created_at` timestamp NOT NULL DEFAULT current_timestamp(),
  `updated_at` timestamp NOT NULL DEFAULT current_timestamp() ON UPDATE current_timestamp(),
  PRIMARY KEY (`id`),
  KEY `rp_permission_id` (`permission_id`),
  KEY `rp_role_id` (`role_id`) USING BTREE,
  CONSTRAINT `roles_permissions_ibfk_1` FOREIGN KEY (`permission_id`) REFERENCES `permissions` (`id`),
  CONSTRAINT `roles_permissions_ibfk_2` FOREIGN KEY (`role_id`) REFERENCES `roles` (`id`)
) ENGINE=InnoDB AUTO_INCREMENT=1216 DEFAULT CHARSET=utf8mb4;

/*Data for the table `roles_permissions` */

insert  into `roles_permissions`(`id`,`role_id`,`permission_id`,`created_at`,`updated_at`) values 
(1139,1,1,'2022-09-26 19:12:50','2022-09-26 19:12:50'),
(1140,1,2,'2022-09-26 19:12:50','2022-09-26 19:12:50'),
(1141,1,3,'2022-09-26 19:12:50','2022-09-26 19:12:50'),
(1142,1,4,'2022-09-26 19:12:50','2022-09-26 19:12:50'),
(1143,1,5,'2022-09-26 19:12:50','2022-09-26 19:12:50'),
(1144,1,56,'2022-09-26 19:12:50','2022-09-26 19:12:50'),
(1145,1,57,'2022-09-26 19:12:50','2022-09-26 19:12:50'),
(1146,1,58,'2022-09-26 19:12:50','2022-09-26 19:12:50'),
(1147,1,59,'2022-09-26 19:12:50','2022-09-26 19:12:50'),
(1148,1,60,'2022-09-26 19:12:50','2022-09-26 19:12:50'),
(1149,1,61,'2022-09-26 19:12:50','2022-09-26 19:12:50'),
(1150,1,62,'2022-09-26 19:12:50','2022-09-26 19:12:50'),
(1151,1,63,'2022-09-26 19:12:50','2022-09-26 19:12:50'),
(1152,1,64,'2022-09-26 19:12:50','2022-09-26 19:12:50'),
(1153,1,65,'2022-09-26 19:12:50','2022-09-26 19:12:50'),
(1154,1,118,'2022-09-26 19:12:50','2022-09-26 19:12:50'),
(1155,1,119,'2022-09-26 19:12:50','2022-09-26 19:12:50'),
(1156,1,120,'2022-09-26 19:12:50','2022-09-26 19:12:50'),
(1157,1,121,'2022-09-26 19:12:50','2022-09-26 19:12:50'),
(1158,1,122,'2022-09-26 19:12:50','2022-09-26 19:12:50'),
(1159,1,132,'2022-09-26 19:12:50','2022-09-26 19:12:50'),
(1160,1,131,'2022-09-26 19:12:50','2022-09-26 19:12:50'),
(1161,1,130,'2022-09-26 19:12:50','2022-09-26 19:12:50'),
(1162,1,129,'2022-09-26 19:12:50','2022-09-26 19:12:50'),
(1163,1,127,'2022-09-26 19:12:50','2022-09-26 19:12:50'),
(1164,1,126,'2022-09-26 19:12:50','2022-09-26 19:12:50'),
(1165,1,125,'2022-09-26 19:12:50','2022-09-26 19:12:50'),
(1166,1,124,'2022-09-26 19:12:50','2022-09-26 19:12:50'),
(1167,1,123,'2022-09-26 19:12:50','2022-09-26 19:12:50'),
(1168,1,128,'2022-09-26 19:12:50','2022-09-26 19:12:50'),
(1169,1,134,'2022-09-26 19:12:50','2022-09-26 19:12:50'),
(1170,1,133,'2022-09-26 19:12:50','2022-09-26 19:12:50'),
(1171,1,135,'2022-09-26 19:12:50','2022-09-26 19:12:50'),
(1172,1,136,'2022-09-26 19:12:50','2022-09-26 19:12:50'),
(1173,1,137,'2022-09-26 19:12:50','2022-09-26 19:12:50'),
(1174,1,138,'2022-09-26 19:12:50','2022-09-26 19:12:50'),
(1175,1,141,'2022-09-26 19:12:50','2022-09-26 19:12:50'),
(1176,1,140,'2022-09-26 19:12:50','2022-09-26 19:12:50'),
(1177,1,139,'2022-09-26 19:12:50','2022-09-26 19:12:50'),
(1178,1,142,'2022-09-26 19:12:50','2022-09-26 19:12:50'),
(1179,1,143,'2022-09-26 19:12:50','2022-09-26 19:12:50'),
(1180,1,144,'2022-09-26 19:12:50','2022-09-26 19:12:50'),
(1181,1,145,'2022-09-26 19:12:50','2022-09-26 19:12:50'),
(1182,1,146,'2022-09-26 19:12:50','2022-09-26 19:12:50'),
(1183,1,147,'2022-09-26 19:12:50','2022-09-26 19:12:50'),
(1184,14,143,'2022-09-28 11:53:41','2022-09-28 11:53:41'),
(1185,14,144,'2022-09-28 11:53:48','2022-09-28 11:53:48'),
(1186,2,143,'2022-09-30 11:44:40','2022-09-30 11:44:40'),
(1187,2,144,'2022-09-30 11:44:42','2022-09-30 11:44:42'),
(1188,14,1,'2022-10-03 14:09:46','2022-10-03 14:09:46'),
(1189,17,143,'2022-10-03 14:32:22','2022-10-03 14:32:22'),
(1190,17,144,'2022-10-03 14:32:26','2022-10-03 14:32:26'),
(1191,25,143,'2022-10-05 14:19:37','2022-10-05 14:19:37'),
(1192,25,144,'2022-10-05 14:19:41','2022-10-05 14:19:41'),
(1194,1,148,'2022-10-11 12:46:33','2022-10-11 12:46:33'),
(1195,1,149,'2022-10-11 12:46:36','2022-10-11 12:46:36'),
(1196,1,150,'2022-10-11 12:46:41','2022-10-11 12:46:41'),
(1197,1,151,'2022-10-11 12:46:43','2022-10-11 12:46:43'),
(1198,1,152,'2022-10-11 12:46:47','2022-10-11 12:46:47'),
(1199,18,144,'2022-10-11 15:08:09','2022-10-11 15:08:09'),
(1200,18,143,'2022-10-11 15:08:13','2022-10-11 15:08:13'),
(1201,19,144,'2022-10-11 16:49:51','2022-10-11 16:49:51'),
(1202,19,143,'2022-10-11 16:49:54','2022-10-11 16:49:54'),
(1205,1,153,'2022-10-12 12:32:50','2022-10-12 12:32:50'),
(1206,1,154,'2022-10-12 12:32:53','2022-10-12 12:32:53'),
(1207,1,155,'2022-10-12 12:32:55','2022-10-12 12:32:55'),
(1208,1,156,'2022-10-12 12:32:58','2022-10-12 12:32:58'),
(1209,1,157,'2022-10-12 12:33:00','2022-10-12 12:33:00'),
(1210,14,153,'2022-10-12 13:20:29','2022-10-12 13:20:29'),
(1211,20,143,'2022-10-12 13:46:39','2022-10-12 13:46:39'),
(1212,20,144,'2022-10-12 13:46:41','2022-10-12 13:46:41'),
(1213,20,153,'2022-10-13 10:08:08','2022-10-13 10:08:08'),
(1214,26,143,'2022-10-17 17:06:31','2022-10-17 17:06:31'),
(1215,26,144,'2022-10-17 17:06:34','2022-10-17 17:06:34');

/*Table structure for table `ticket_activities` */

DROP TABLE IF EXISTS `ticket_activities`;

CREATE TABLE `ticket_activities` (
  `id` bigint(20) unsigned NOT NULL AUTO_INCREMENT,
  `ticket_id` bigint(20) unsigned NOT NULL,
  `activity` text COLLATE utf8mb4_unicode_ci NOT NULL,
  `activity_type` int(11) NOT NULL DEFAULT 1,
  `created_at` timestamp NULL DEFAULT NULL,
  `updated_at` timestamp NULL DEFAULT NULL,
  PRIMARY KEY (`id`),
  KEY `ticket_activities_ticket_id_foreign` (`ticket_id`),
  CONSTRAINT `ticket_activities_ticket_id_foreign` FOREIGN KEY (`ticket_id`) REFERENCES `tickets` (`id`)
) ENGINE=InnoDB AUTO_INCREMENT=122 DEFAULT CHARSET=utf8mb4 COLLATE=utf8mb4_unicode_ci;

/*Data for the table `ticket_activities` */

insert  into `ticket_activities`(`id`,`ticket_id`,`activity`,`activity_type`,`created_at`,`updated_at`) values 
(1,20,'Ticket Assigned to {\"id\":56,\"name\":\"warranty\",\"email\":\"warranty@project.com\",\"created_at\":\"2022-09-28T17:03:38.000000Z\",\"updated_at\":\"2022-09-28T17:03:38.000000Z\",\"role_id\":14,\"email_verified_at\":null,\"tickets_count\":0,\"image_url\":\"https:\\/\\/randomuser.me\\/api\\/portraits\\/men\\/85.jpg\",\"permissions\":[]}, Resolution: CF - Warranty Claim',1,'2022-09-28 18:13:20','2022-09-28 18:13:20'),
(2,21,'Ticket Assigned to warranty, Resolution: CF - Warranty Claim',1,'2022-09-28 18:13:42','2022-09-28 18:13:42'),
(3,22,'Ticket Assigned to warranty, Resolution: CF - Warranty Claim',1,'2022-09-28 19:34:37','2022-09-28 19:34:37'),
(4,23,'Ticket Assigned to warranty, Resolution: CF - Warranty Claim',1,'2022-09-28 19:35:45','2022-09-28 19:35:45'),
(5,24,'Ticket Assigned to warranty, Resolution: CF - Warranty Claim',1,'2022-09-28 19:36:25','2022-09-28 19:36:25'),
(6,25,'Ticket Assigned to warranty, Resolution: CF - Warranty Claim',1,'2022-09-28 19:37:06','2022-09-28 19:37:06'),
(7,26,'Ticket Assigned to warranty, Resolution: CF - Warranty Claim',1,'2022-09-28 19:42:16','2022-09-28 19:42:16'),
(8,27,'Ticket Assigned to warranty, Resolution: CF - Warranty Claim',1,'2022-09-28 19:42:34','2022-09-28 19:42:34'),
(9,28,'Ticket Assigned to warranty, Resolution: CF - Warranty Claim',1,'2022-09-28 19:42:48','2022-09-28 19:42:48'),
(10,29,'Ticket Assigned to warranty, Resolution: CF - Warranty Claim',1,'2022-09-28 19:46:20','2022-09-28 19:46:20'),
(11,30,'Ticket Assigned to warranty, Resolution: CF - Warranty Claim',1,'2022-09-28 19:46:34','2022-09-28 19:46:34'),
(12,26,'Upload Complete by Customer',2,'2022-10-03 07:36:32','2022-10-03 07:36:32'),
(13,26,'Ticket Status: Valid',2,'2022-10-03 08:25:16','2022-10-03 08:25:16'),
(14,25,'Ticket Status: In-Valid',2,'2022-10-03 08:25:31','2022-10-03 08:25:31'),
(15,26,'Ticket Status: In-Valid',2,'2022-10-03 08:38:34','2022-10-03 08:38:34'),
(16,25,'Ticket Status: Valid',2,'2022-10-03 08:38:50','2022-10-03 08:38:50'),
(17,26,'Ticket Status: In-Valid',2,'2022-10-03 09:49:42','2022-10-03 09:49:42'),
(18,26,'Ticket Status: In-Valid',2,'2022-10-03 09:54:04','2022-10-03 09:54:04'),
(19,26,'Ticket Status: In-Valid',2,'2022-10-03 09:56:36','2022-10-03 09:56:36'),
(20,25,'Ticket Status: Valid',2,'2022-10-03 09:57:09','2022-10-03 09:57:09'),
(21,25,'Complete And Validated Email Sent',4,'2022-10-03 09:57:12','2022-10-03 09:57:12'),
(22,25,'Ticket Assigned to CA Warehouse',1,'2022-10-03 10:27:14','2022-10-03 10:27:14'),
(23,25,'Ticket Assigned to CA Warehouse',1,'2022-10-03 10:27:22','2022-10-03 10:27:22'),
(24,31,'Ticket Assigned to warranty, Resolution: CF - Warranty Claim',1,'2022-10-03 10:54:59','2022-10-03 10:54:59'),
(25,31,'Upload Complete by Customer',2,'2022-10-03 10:56:09','2022-10-03 10:56:09'),
(26,31,'Ticket Status: Valid',2,'2022-10-03 10:56:24','2022-10-03 10:56:24'),
(27,31,'Complete And Validated Email Sent',4,'2022-10-03 10:56:28','2022-10-03 10:56:28'),
(28,31,'Ticket Assigned to CA Warehouse',1,'2022-10-03 11:19:19','2022-10-03 11:19:19'),
(29,24,'Upload Complete by Customer',2,'2022-10-05 01:41:20','2022-10-05 01:41:20'),
(30,23,'Upload Complete by Customer',2,'2022-10-05 01:45:22','2022-10-05 01:45:22'),
(31,22,'Upload Complete by Customer',2,'2022-10-05 01:46:33','2022-10-05 01:46:33'),
(32,41,'Ticket Assigned to Tech 1, Resolution: TS - Tech Support',1,'2022-10-05 22:17:21','2022-10-05 22:17:21'),
(33,42,'Ticket Assigned to Tech 2, Resolution: TS - Tech Support',1,'2022-10-05 22:17:40','2022-10-05 22:17:40'),
(34,41,'Ticket Status Updated',5,'2022-10-05 23:20:34','2022-10-05 23:20:34'),
(35,41,'Ticket Status Updated',5,'2022-10-05 23:21:33','2022-10-05 23:21:33'),
(36,41,'Ticket Status Updated -> No Answer - Left Voicemail',5,'2022-10-05 23:22:34','2022-10-05 23:22:34'),
(37,41,'Ticket Status Updated -> No Answer - End Call',5,'2022-10-05 23:34:05','2022-10-05 23:34:05'),
(38,43,'Ticket Assigned to Tech 1, Resolution: TS - Tech Support',1,'2022-10-05 23:34:44','2022-10-05 23:34:44'),
(39,44,'Ticket Assigned to Tech 2, Resolution: TS - Tech Support',1,'2022-10-05 23:34:50','2022-10-05 23:34:50'),
(40,43,'Ticket Status Updated -> Callback Sucessful - Not Fixed',5,'2022-10-05 23:41:49','2022-10-05 23:41:49'),
(41,45,'Ticket Assigned to Tech 1, Resolution: TS - Tech Support',1,'2022-10-05 23:43:15','2022-10-05 23:43:15'),
(42,46,'Ticket Assigned to Tech 2, Resolution: TS - Tech Support',1,'2022-10-05 23:43:21','2022-10-05 23:43:21'),
(43,45,'Ticket Status Updated -> No Answer - End Call',5,'2022-10-05 23:43:34','2022-10-05 23:43:34'),
(44,45,'Ticket Status Updated -> Callback Sucessful - Not Fixed',5,'2022-10-05 23:43:38','2022-10-05 23:43:38'),
(45,45,'Ticket Status Updated -> Callback Sucessful - Fixed',5,'2022-10-05 23:43:45','2022-10-05 23:43:45'),
(46,24,'Ticket Status: Valid',2,'2022-10-06 01:37:27','2022-10-06 01:37:27'),
(47,24,'Complete And Validated Email Sent',4,'2022-10-06 01:37:32','2022-10-06 01:37:32'),
(48,30,'Upload Complete by Customer',2,'2022-10-06 22:08:54','2022-10-06 22:08:54'),
(49,45,'Ticket Status Updated -> No Answer - End Call',5,'2022-10-06 22:12:19','2022-10-06 22:12:19'),
(50,47,'Ticket Assigned to Tech 1, Resolution: TS - Tech Support',1,'2022-10-06 22:14:48','2022-10-06 22:14:48'),
(51,48,'Ticket Assigned to Tech 2, Resolution: TS - Tech Support',1,'2022-10-06 22:14:58','2022-10-06 22:14:58'),
(52,24,'Ticket Assigned to US Warehouse',1,'2022-10-06 22:50:02','2022-10-06 22:50:02'),
(53,30,'Ticket Status: Valid',2,'2022-10-06 22:50:40','2022-10-06 22:50:40'),
(54,30,'Complete And Validated Email Sent',4,'2022-10-06 22:50:43','2022-10-06 22:50:43'),
(55,30,'Ticket Assigned to US Warehouse',1,'2022-10-06 22:50:51','2022-10-06 22:50:51'),
(56,30,'Warehouse Marked Received',3,'2022-10-06 22:51:28','2022-10-06 22:51:28'),
(57,30,'Ticket Assigned to warranty, Resolution: CF - Warranty Claim',1,'2022-10-06 22:51:28','2022-10-06 22:51:28'),
(58,50,'Ticket Assigned to warranty, Resolution: CF - Warranty Claim',1,'2022-10-11 19:43:35','2022-10-11 19:43:35'),
(59,51,'Ticket Assigned to warranty, Resolution: CF - Warranty Claim',1,'2022-10-11 19:44:54','2022-10-11 19:44:54'),
(60,29,'Upload Complete by Customer',2,'2022-10-11 20:17:21','2022-10-11 20:17:21'),
(61,29,'Ticket Status: Valid',2,'2022-10-11 20:17:49','2022-10-11 20:17:49'),
(62,29,'Complete And Validated Email Sent',4,'2022-10-11 20:17:52','2022-10-11 20:17:52'),
(63,52,'Ticket Assigned to warranty, Resolution: CF - Warranty Claim',1,'2022-10-11 22:06:02','2022-10-11 22:06:02'),
(64,29,'Ticket Assigned to replacement, Resolution: CF - Warranty Claim',1,'2022-10-11 22:34:49','2022-10-11 22:34:49'),
(65,29,'Ticket Assigned to replacement, Resolution: CF - Warranty Claim',1,'2022-10-11 22:35:23','2022-10-11 22:35:23'),
(66,29,'Replacement Shipped Email Sent',4,'2022-10-11 22:35:26','2022-10-11 22:35:26'),
(67,29,'Ticket Assigned to replacement, Resolution: CF - Warranty Claim',1,'2022-10-11 22:36:11','2022-10-11 22:36:11'),
(68,29,'Replacement Shipped Email Sent',4,'2022-10-11 22:36:14','2022-10-11 22:36:14'),
(69,53,'Ticket Assigned to warranty, Resolution: CF - Warranty Claim',1,'2022-10-11 23:01:09','2022-10-11 23:01:09'),
(70,54,'Ticket Assigned to warranty, Resolution: CF - Warranty Claim',1,'2022-10-11 23:01:20','2022-10-11 23:01:20'),
(71,29,'Ticket Assigned to replacement, Resolution: CF - Warranty Claim',1,'2022-10-11 23:01:34','2022-10-11 23:01:34'),
(72,29,'Replacement Shipped Email Sent',4,'2022-10-11 23:01:37','2022-10-11 23:01:37'),
(73,30,'Ticket Assigned to replacement, Resolution: CF - Warranty Claim',1,'2022-10-11 23:03:41','2022-10-11 23:03:41'),
(74,30,'Replacement Shipped Email Sent',4,'2022-10-11 23:03:44','2022-10-11 23:03:44'),
(75,23,'Ticket Status: Valid',2,'2022-10-11 23:05:56','2022-10-11 23:05:56'),
(76,23,'Complete And Validated Email Sent',4,'2022-10-11 23:05:59','2022-10-11 23:05:59'),
(77,23,'Ticket Assigned to replacement, Resolution: CF - Warranty Claim',1,'2022-10-11 23:06:30','2022-10-11 23:06:30'),
(78,23,'Replacement Shipped Email Sent',4,'2022-10-11 23:06:33','2022-10-11 23:06:33'),
(79,30,'Replacement Shipped Email Sent',4,'2022-10-11 23:37:48','2022-10-11 23:37:48'),
(80,29,'Replacement Department Updated Status: Replacement Shipped',5,'2022-10-11 23:43:40','2022-10-11 23:43:40'),
(81,29,'Replacement Shipped Email Sent',4,'2022-10-11 23:43:43','2022-10-11 23:43:43'),
(82,29,'Ticket Assigned to warranty, Resolution: CF - Warranty Claim',1,'2022-10-11 23:43:43','2022-10-11 23:43:43'),
(83,30,'Replacement Department Updated Status: Replacement Not Shipped',5,'2022-10-11 23:51:25','2022-10-11 23:51:25'),
(84,23,'Replacement Department Updated Status: No Unit available',5,'2022-10-11 23:51:28','2022-10-11 23:51:28'),
(85,23,'Ticket Assigned to warranty, Resolution: CF - Warranty Claim',1,'2022-10-11 23:51:28','2022-10-11 23:51:28'),
(86,29,'Replacement Department Updated Status: Replacement Shipped',5,'2022-10-11 23:51:45','2022-10-11 23:51:45'),
(87,29,'Replacement Shipped Email Sent',4,'2022-10-11 23:51:48','2022-10-11 23:51:48'),
(88,29,'Ticket Assigned to warranty, Resolution: CF - Warranty Claim',1,'2022-10-11 23:51:48','2022-10-11 23:51:48'),
(89,29,'Replacement Department Updated Status: Replacement Shipped',5,'2022-10-11 23:52:30','2022-10-11 23:52:30'),
(90,29,'Replacement Shipped Email Sent',4,'2022-10-11 23:52:33','2022-10-11 23:52:33'),
(91,29,'Ticket Assigned to warranty, Resolution: CF - Warranty Claim',1,'2022-10-11 23:52:33','2022-10-11 23:52:33'),
(92,22,'Ticket Status: Valid',2,'2022-10-12 00:52:50','2022-10-12 00:52:50'),
(93,22,'Complete And Validated Email Sent',4,'2022-10-12 00:52:53','2022-10-12 00:52:53'),
(94,29,'Ticket Assigned to replacement, Resolution: CF - Warranty Claim',1,'2022-10-12 00:53:38','2022-10-12 00:53:38'),
(95,29,'Replacement Department Updated Status: Replacement Not Shipped',5,'2022-10-12 00:53:59','2022-10-12 00:53:59'),
(96,29,'Ticket Assigned to refund, Resolution: CF - Warranty Claim',1,'2022-10-12 00:53:59','2022-10-12 00:53:59'),
(97,48,'Upload Complete by Customer',2,'2022-10-12 17:38:18','2022-10-12 17:38:18'),
(98,30,'Refund Department Updated Status',5,'2022-10-12 20:03:17','2022-10-12 20:03:17'),
(99,30,'Ticket Assigned to warranty, Resolution: CF - Warranty Claim',1,'2022-10-12 20:03:17','2022-10-12 20:03:17'),
(100,30,'Warranty Department Updated Ticket Status for Refund',5,'2022-10-12 20:11:02','2022-10-12 20:11:02'),
(101,30,'Ticket Assigned to refund, Resolution: CF - Warranty Claim',1,'2022-10-12 20:11:02','2022-10-12 20:11:02'),
(102,30,'Refund Department Updated Status',5,'2022-10-12 20:20:46','2022-10-12 20:20:46'),
(103,30,'Ticket Assigned to warranty, Resolution: CF - Warranty Claim',1,'2022-10-12 20:20:46','2022-10-12 20:20:46'),
(104,30,'Warranty Department Updated Ticket Status for Repair',5,'2022-10-12 21:45:07','2022-10-12 21:45:07'),
(105,23,'Warranty Department Updated Ticket Status for Repair',5,'2022-10-12 21:45:52','2022-10-12 21:45:52'),
(106,23,'Ticket Assigned to asc',1,'2022-10-12 21:45:52','2022-10-12 21:45:52'),
(107,30,'Repair Department Updated Status: Repaired',5,'2022-10-13 19:02:13','2022-10-13 19:02:13'),
(108,23,'Repair Department Updated Status: Repaired',5,'2022-10-13 19:04:02','2022-10-13 19:04:02'),
(109,23,'Ticket Assigned to warranty, Resolution: CF - Warranty Claim',1,'2022-10-13 19:04:02','2022-10-13 19:04:02'),
(110,22,'Warranty Department Updated Ticket Status for Refund',5,'2022-10-13 19:13:32','2022-10-13 19:13:32'),
(111,22,'Ticket Assigned to refund, Resolution: CF - Warranty Claim',1,'2022-10-13 19:13:32','2022-10-13 19:13:32'),
(112,29,'Refund Department Updated Status',5,'2022-10-13 19:14:01','2022-10-13 19:14:01'),
(113,29,'Ticket Assigned to warranty, Resolution: CF - Warranty Claim',1,'2022-10-13 19:14:01','2022-10-13 19:14:01'),
(114,29,'Ticket Assigned to replacement, Resolution: CF - Warranty Claim',1,'2022-10-13 19:17:32','2022-10-13 19:17:32'),
(115,29,'Replacement Department Updated Status: No Unit available',5,'2022-10-13 19:18:12','2022-10-13 19:18:12'),
(116,29,'Ticket Assigned to warranty, Resolution: CF - Warranty Claim',1,'2022-10-13 19:18:12','2022-10-13 19:18:12'),
(117,29,'Warranty Department Updated Ticket Status for Repair',5,'2022-10-13 20:24:01','2022-10-13 20:24:01'),
(118,29,'Ticket Assigned to asc',1,'2022-10-13 20:24:01','2022-10-13 20:24:01'),
(119,58,'Ticket Assigned to parts, Resolution: PS',1,'2022-10-18 01:05:37','2022-10-18 01:05:37'),
(120,59,'Ticket Assigned to parts, Resolution: PS',1,'2022-10-18 01:09:02','2022-10-18 01:09:02'),
(121,60,'Ticket Assigned to parts, Resolution: PS',1,'2022-10-18 01:10:32','2022-10-18 01:10:32');

/*Table structure for table `ticket_messages` */

DROP TABLE IF EXISTS `ticket_messages`;

CREATE TABLE `ticket_messages` (
  `id` bigint(20) unsigned NOT NULL AUTO_INCREMENT,
  `ticket_id` bigint(20) unsigned NOT NULL,
  `user_id` int(11) NOT NULL,
  `comment` text COLLATE utf8mb4_unicode_ci NOT NULL,
  `is_important` tinyint(4) NOT NULL DEFAULT 0,
  `created_at` timestamp NULL DEFAULT NULL,
  `updated_at` timestamp NULL DEFAULT NULL,
  PRIMARY KEY (`id`),
  KEY `ticket_messages_ticket_id_foreign` (`ticket_id`),
  KEY `ticket_messages_user_id_foreign` (`user_id`),
  CONSTRAINT `ticket_messages_ticket_id_foreign` FOREIGN KEY (`ticket_id`) REFERENCES `tickets` (`id`),
  CONSTRAINT `ticket_messages_user_id_foreign` FOREIGN KEY (`user_id`) REFERENCES `users` (`id`)
) ENGINE=InnoDB AUTO_INCREMENT=5 DEFAULT CHARSET=utf8mb4 COLLATE=utf8mb4_unicode_ci;

/*Data for the table `ticket_messages` */

insert  into `ticket_messages`(`id`,`ticket_id`,`user_id`,`comment`,`is_important`,`created_at`,`updated_at`) values 
(1,48,52,'<p>Hi,</p><p>&nbsp;</p><p>Good day!</p><p>&nbsp;</p><p>This is regarding your warranty claim at Curtis International Ltd.</p><p>For us to serve you better, we will need the following information.</p><p>&nbsp;</p><p>1. &nbsp; &nbsp; &nbsp;&nbsp;<strong>A clear and readable picture of the bill of sale.</strong>&nbsp; Please note the bill of sale must show the following:</p><p>&nbsp;&nbsp;&nbsp;&nbsp;&nbsp;&nbsp;&nbsp;&nbsp;&nbsp;&nbsp; &nbsp;&nbsp; &nbsp; &nbsp; &nbsp;&nbsp;<strong>&nbsp;</strong>Store Name and Address&nbsp;<i>*except if purchased online</i></p><p>&nbsp;&nbsp;&nbsp;&nbsp;&nbsp;&nbsp;&nbsp;&nbsp;&nbsp;&nbsp; &nbsp; &nbsp; &nbsp; &nbsp; &nbsp; Date of purchase</p><p>&nbsp;&nbsp;&nbsp;&nbsp;&nbsp;&nbsp;&nbsp;&nbsp;&nbsp;&nbsp; &nbsp; &nbsp; &nbsp; &nbsp; &nbsp; Item description</p><p>&nbsp;&nbsp;&nbsp;&nbsp;&nbsp;&nbsp;&nbsp;&nbsp;&nbsp;&nbsp; &nbsp; &nbsp; &nbsp; &nbsp; &nbsp; Unit Price</p><p>&nbsp;&nbsp;&nbsp;&nbsp;&nbsp;&nbsp;&nbsp;&nbsp;&nbsp;&nbsp; &nbsp; &nbsp; &nbsp; &nbsp; &nbsp; Total amount paid</p><p>If you do not have the bill of sale, you may try contacting the dealers customer care department&nbsp; for added support.</p><p>2.&nbsp; &nbsp; &nbsp; &nbsp;&nbsp;<strong>A clear picture of the front of the unit</strong> (for TVs, a full frontal picture while the tv is turned on.)</p><p>3.&nbsp; &nbsp; &nbsp; &nbsp;&nbsp;<strong>A clear picture of the rear of the unit</strong> (All edges must be visible.)</p><p>4.&nbsp; &nbsp; &nbsp; &nbsp;&nbsp;<strong>A clear and readable picture of the model # and serial # sticker</strong> (located at the back of the unit)</p><p>5.&nbsp; &nbsp; &nbsp; &nbsp;&nbsp;<strong>A clear picture/video clip of the defect/issue.</strong></p><p>6.&nbsp; &nbsp; &nbsp; &nbsp;&nbsp;<strong>And a detailed explanation of the defect/issue.</strong></p><p>&nbsp;</p><p>Also, kindly include filling out the information below:&nbsp;<i>*must be a physical address</i></p><p><strong>Name:&nbsp;</strong></p><p><strong>Address:</strong></p><p><strong>City:</strong></p><p><strong>State/Province:&nbsp;</strong></p><p><strong>Zip/Postal code:&nbsp;</strong>(Please specify if you have a 5 or 9 digits zip codes to avoid delay in processing your claims)</p><p><strong>Phone#:&nbsp;&nbsp;&nbsp;&nbsp;&nbsp;&nbsp;&nbsp;&nbsp;&nbsp;&nbsp;&nbsp;&nbsp;&nbsp;&nbsp;</strong></p><p>&nbsp;</p><p>An email with warranty instructions will be provided to you as soon as we receive the complete documentation as required above.</p><p><strong>For your reference, please see the complete overview of our warranty process attached to this email.</strong></p><p>&nbsp;</p><p><i>** please ensure that the Case File Number is in the subject line **</i></p><p><i>**Note -Please do not throw/recycle the unit until all the required information has been validated. You will receive a notification to do so when we have already received and verified all the important information. If the unit is disposed of or is no longer with you, we cannot assist you further with your claim.**</i></p><p><i>**Note - We are open from 9 AM - 6 PM EST, Mondays to Fridays. Response time would be 48 to 72 business hours.</i></p><p>Thank you,</p><p><strong>Customer Support</strong></p><p>Curtis International Ltd.</p>',0,'2022-10-06 22:37:25','2022-10-06 22:37:25'),
(2,48,52,'<p>this is the progress</p>',0,'2022-10-06 22:39:30','2022-10-06 22:39:30'),
(3,30,62,'Yes received in perfect health and condition',0,'2022-10-06 22:51:28','2022-10-06 22:51:28'),
(4,51,56,'<p>a</p>',0,'2022-10-11 20:57:19','2022-10-11 20:57:19');

/*Table structure for table `ticket_refunds` */

DROP TABLE IF EXISTS `ticket_refunds`;

CREATE TABLE `ticket_refunds` (
  `id` bigint(20) unsigned NOT NULL AUTO_INCREMENT,
  `ticket_id` bigint(20) unsigned NOT NULL,
  `retail_price` double(8,2) NOT NULL DEFAULT 0.00,
  `discount` double(8,2) NOT NULL DEFAULT 0.00,
  `price_after_discount` double(8,2) NOT NULL DEFAULT 0.00,
  `estimated_cost_of_refund` double(8,2) NOT NULL DEFAULT 0.00,
  `cheque_number` varchar(255) COLLATE utf8mb4_unicode_ci DEFAULT NULL,
  `cheque_amount` double(8,2) NOT NULL DEFAULT 0.00,
  `mail_date` date DEFAULT NULL,
  `status` tinyint(4) NOT NULL DEFAULT 0,
  `created_at` timestamp NULL DEFAULT NULL,
  `updated_at` timestamp NULL DEFAULT NULL,
  PRIMARY KEY (`id`),
  KEY `ticket_refunds_ticket_id_foreign` (`ticket_id`),
  CONSTRAINT `ticket_refunds_ticket_id_foreign` FOREIGN KEY (`ticket_id`) REFERENCES `tickets` (`id`)
) ENGINE=InnoDB AUTO_INCREMENT=6 DEFAULT CHARSET=utf8mb4 COLLATE=utf8mb4_unicode_ci;

/*Data for the table `ticket_refunds` */

insert  into `ticket_refunds`(`id`,`ticket_id`,`retail_price`,`discount`,`price_after_discount`,`estimated_cost_of_refund`,`cheque_number`,`cheque_amount`,`mail_date`,`status`,`created_at`,`updated_at`) values 
(3,30,19.26,2.00,17.26,20.00,'123',4.00,'2022-10-27',1,'2022-10-12 20:20:46','2022-10-12 20:20:46'),
(4,22,19.26,0.00,19.26,0.00,NULL,0.00,NULL,0,'2022-10-13 19:13:32','2022-10-13 19:13:32'),
(5,29,19.26,20.00,-0.74,20.00,'adsads',20.00,'2022-10-06',1,'2022-10-13 19:14:01','2022-10-13 19:14:01');

/*Table structure for table `ticket_repairs` */

DROP TABLE IF EXISTS `ticket_repairs`;

CREATE TABLE `ticket_repairs` (
  `id` bigint(20) unsigned NOT NULL AUTO_INCREMENT,
  `ticket_id` bigint(20) unsigned NOT NULL,
  `asc_id` bigint(20) unsigned NOT NULL,
  `repair_cost` double(8,2) NOT NULL DEFAULT 0.00,
  `status` tinyint(4) NOT NULL DEFAULT 0,
  `created_at` timestamp NULL DEFAULT NULL,
  `updated_at` timestamp NULL DEFAULT NULL,
  PRIMARY KEY (`id`),
  KEY `ticket_repairs_ticket_id_foreign` (`ticket_id`),
  KEY `ticket_repairs_asc_id_foreign` (`asc_id`),
  CONSTRAINT `ticket_repairs_asc_id_foreign` FOREIGN KEY (`asc_id`) REFERENCES `ascs` (`id`),
  CONSTRAINT `ticket_repairs_ticket_id_foreign` FOREIGN KEY (`ticket_id`) REFERENCES `tickets` (`id`)
) ENGINE=InnoDB AUTO_INCREMENT=4 DEFAULT CHARSET=utf8mb4 COLLATE=utf8mb4_unicode_ci;

/*Data for the table `ticket_repairs` */

insert  into `ticket_repairs`(`id`,`ticket_id`,`asc_id`,`repair_cost`,`status`,`created_at`,`updated_at`) values 
(1,30,1,0.00,0,'2022-10-12 21:45:07','2022-10-12 21:45:07'),
(2,23,1,50.00,1,'2022-10-12 21:45:52','2022-10-13 19:04:02'),
(3,29,1,0.00,0,'2022-10-13 20:24:01','2022-10-13 20:24:01');

/*Table structure for table `ticket_replacements` */

DROP TABLE IF EXISTS `ticket_replacements`;

CREATE TABLE `ticket_replacements` (
  `id` bigint(20) unsigned NOT NULL AUTO_INCREMENT,
  `usd_cost` double(8,2) NOT NULL DEFAULT 0.00,
  `ticket_id` bigint(20) unsigned NOT NULL,
  `cubed_weight` double(8,2) NOT NULL DEFAULT 0.00,
  `depth` double(8,2) NOT NULL DEFAULT 0.00,
  `width` double(8,2) NOT NULL DEFAULT 0.00,
  `height` double(8,2) NOT NULL DEFAULT 0.00,
  `shipping_cost` double(8,2) NOT NULL DEFAULT 0.00,
  `created_at` timestamp NULL DEFAULT NULL,
  `updated_at` timestamp NULL DEFAULT NULL,
  `status` tinyint(4) NOT NULL DEFAULT 0,
  `shipping_date` date DEFAULT NULL,
  PRIMARY KEY (`id`),
  KEY `ticket_replacements_ticket_id_foreign` (`ticket_id`),
  CONSTRAINT `ticket_replacements_ticket_id_foreign` FOREIGN KEY (`ticket_id`) REFERENCES `tickets` (`id`)
) ENGINE=InnoDB AUTO_INCREMENT=10 DEFAULT CHARSET=utf8mb4 COLLATE=utf8mb4_unicode_ci;

/*Data for the table `ticket_replacements` */

insert  into `ticket_replacements`(`id`,`usd_cost`,`ticket_id`,`cubed_weight`,`depth`,`width`,`height`,`shipping_cost`,`created_at`,`updated_at`,`status`,`shipping_date`) values 
(6,19.26,30,5.94,11.00,7.50,10.00,32.58,'2022-10-11 23:03:41','2022-10-11 23:51:25',2,NULL),
(7,19.26,23,5.94,11.00,7.50,10.00,32.58,'2022-10-11 23:06:30','2022-10-11 23:51:28',3,NULL),
(9,19.26,29,5.94,11.00,7.50,10.00,39.40,'2022-10-13 19:17:32','2022-10-13 19:18:12',3,NULL);

/*Table structure for table `tickets` */

DROP TABLE IF EXISTS `tickets`;

CREATE TABLE `tickets` (
  `id` bigint(20) unsigned NOT NULL AUTO_INCREMENT,
  `first_name` varchar(255) COLLATE utf8mb4_unicode_ci NOT NULL,
  `last_name` varchar(255) COLLATE utf8mb4_unicode_ci DEFAULT NULL,
  `email` varchar(255) COLLATE utf8mb4_unicode_ci NOT NULL,
  `phone` varchar(100) COLLATE utf8mb4_unicode_ci DEFAULT NULL,
  `brand_id` bigint(20) unsigned NOT NULL,
  `itme_type_id` bigint(20) unsigned NOT NULL,
  `product_id` bigint(20) unsigned NOT NULL,
  `serial` varchar(255) COLLATE utf8mb4_unicode_ci DEFAULT NULL,
  `purchase_date` date DEFAULT NULL,
  `issue` text COLLATE utf8mb4_unicode_ci NOT NULL,
  `resolution` int(11) NOT NULL DEFAULT 1,
  `created_at` timestamp NULL DEFAULT NULL,
  `updated_at` timestamp NULL DEFAULT NULL,
  `status` int(11) NOT NULL DEFAULT 0,
  `user_id` int(11) DEFAULT NULL,
  `ticket_running_status` tinyint(4) NOT NULL DEFAULT 0,
  `ticket_stop_reason` varchar(555) COLLATE utf8mb4_unicode_ci DEFAULT NULL,
  `address` varchar(555) COLLATE utf8mb4_unicode_ci DEFAULT NULL,
  `city` varchar(255) COLLATE utf8mb4_unicode_ci DEFAULT NULL,
  `zip_code` varchar(10) COLLATE utf8mb4_unicode_ci DEFAULT NULL,
  `latitude` varchar(100) COLLATE utf8mb4_unicode_ci DEFAULT NULL,
  `longitude` varchar(100) COLLATE utf8mb4_unicode_ci DEFAULT NULL,
  `ticket_number` varchar(255) COLLATE utf8mb4_unicode_ci DEFAULT NULL,
  `country` varchar(2) COLLATE utf8mb4_unicode_ci NOT NULL DEFAULT 'US',
  `initial_subject_email` varchar(555) COLLATE utf8mb4_unicode_ci DEFAULT NULL,
  PRIMARY KEY (`id`),
  KEY `tickets_brand_id_foreign` (`brand_id`),
  KEY `tickets_itme_type_id_foreign` (`itme_type_id`),
  KEY `tickets_product_id_foreign` (`product_id`),
  KEY `tickets_user_id_foreign` (`user_id`),
  CONSTRAINT `tickets_brand_id_foreign` FOREIGN KEY (`brand_id`) REFERENCES `brands` (`id`),
  CONSTRAINT `tickets_itme_type_id_foreign` FOREIGN KEY (`itme_type_id`) REFERENCES `item_types` (`id`),
  CONSTRAINT `tickets_product_id_foreign` FOREIGN KEY (`product_id`) REFERENCES `products` (`id`),
  CONSTRAINT `tickets_user_id_foreign` FOREIGN KEY (`user_id`) REFERENCES `users` (`id`)
) ENGINE=InnoDB AUTO_INCREMENT=61 DEFAULT CHARSET=utf8mb4 COLLATE=utf8mb4_unicode_ci;

/*Data for the table `tickets` */

insert  into `tickets`(`id`,`first_name`,`last_name`,`email`,`phone`,`brand_id`,`itme_type_id`,`product_id`,`serial`,`purchase_date`,`issue`,`resolution`,`created_at`,`updated_at`,`status`,`user_id`,`ticket_running_status`,`ticket_stop_reason`,`address`,`city`,`zip_code`,`latitude`,`longitude`,`ticket_number`,`country`,`initial_subject_email`) values 
(11,'test','test','test@gmail.com','1231',1,1,8,'123','2021-12-30','Sound Issue > Audio does not play',2,'2022-09-28 17:59:33','2022-09-28 17:59:33',0,NULL,0,NULL,NULL,NULL,NULL,NULL,NULL,NULL,'US',NULL),
(12,'test','test','test@gmail.com','1231',1,1,8,'123','2021-12-30','Sound Issue > Audio does not play',2,'2022-09-28 18:02:54','2022-09-28 18:02:54',0,NULL,0,NULL,NULL,NULL,NULL,NULL,NULL,NULL,'US',NULL),
(13,'test','test','test@gmail.com','1231',1,1,8,'123','2021-12-30','Sound Issue > Audio does not play',2,'2022-09-28 18:04:07','2022-09-28 18:04:07',0,NULL,0,NULL,NULL,NULL,NULL,NULL,NULL,NULL,'US',NULL),
(14,'test','test','test@gmail.com','1231',1,1,8,'123','2021-12-30','Sound Issue > Audio does not play',2,'2022-09-28 18:04:19','2022-09-28 18:04:19',0,NULL,0,NULL,NULL,NULL,NULL,NULL,NULL,NULL,'US',NULL),
(15,'test','test','test@gmail.com','1231',1,1,8,'123','2021-12-30','Sound Issue > Audio does not play',2,'2022-09-28 18:04:24','2022-09-28 18:04:24',0,NULL,0,NULL,NULL,NULL,NULL,NULL,NULL,NULL,'US',NULL),
(16,'test','test','test@gmail.com','1231',1,1,8,'123','2021-12-30','Sound Issue > Audio does not play',2,'2022-09-28 18:04:29','2022-09-28 18:04:29',0,NULL,0,NULL,NULL,NULL,NULL,NULL,NULL,NULL,'US',NULL),
(17,'test','test','test@gmail.com','1231',1,1,8,'123','2021-12-30','Sound Issue > Audio does not play',1,'2022-09-28 18:04:38','2022-09-28 18:04:38',0,NULL,0,NULL,NULL,NULL,NULL,NULL,NULL,NULL,'US',NULL),
(18,'test','test','test@gmail.com','1231',1,1,8,'123','2021-12-30','Sound Issue > Audio does not play',1,'2022-09-28 18:04:52','2022-09-28 18:04:52',0,NULL,0,NULL,NULL,NULL,NULL,NULL,NULL,NULL,'US',NULL),
(19,'test','test','test@gmail.com','1231',1,1,8,'123','2021-12-30','Sound Issue > Audio does not play',1,'2022-09-28 18:05:14','2022-09-28 18:05:14',0,NULL,0,NULL,NULL,NULL,NULL,NULL,NULL,NULL,'US',NULL),
(20,'test','test','test@gmail.com','1231',1,1,8,'123','2021-12-30','Sound Issue > Audio does not play',1,'2022-09-28 18:13:20','2022-09-28 18:13:20',0,56,0,NULL,NULL,NULL,NULL,NULL,NULL,NULL,'US',NULL),
(21,'test','test','test@gmail.com','1231',1,1,8,'123','2021-12-30','Sound Issue > Audio does not play',1,'2022-09-28 18:13:42','2022-09-28 18:13:42',0,56,0,NULL,NULL,NULL,NULL,NULL,NULL,NULL,'US',NULL),
(22,'test','test','yruxwork@gmail.com','1231',1,1,8,'123','2021-12-30','Sound Issue > Audio does not play',1,'2022-09-28 19:34:37','2022-10-13 19:13:32',0,69,2,'',NULL,NULL,NULL,NULL,NULL,NULL,'US',NULL),
(23,'test','test','yruxwork@gmail.com','1231',1,1,8,'123','2021-12-30','Sound Issue > Audio does not play',1,'2022-09-28 19:35:45','2022-10-13 19:04:02',0,56,2,'',NULL,NULL,'90220',NULL,NULL,NULL,'US',NULL),
(24,'test','test','yruxwork@gmail.com','1231',1,1,8,'123','2021-12-30','Sound Issue > Audio does not play',1,'2022-09-28 19:36:25','2022-10-06 22:49:58',0,62,2,'',NULL,NULL,'90220',NULL,NULL,NULL,'US',NULL),
(25,'test','test','yruxwork@gmail.com','1231',1,1,8,'123','2021-12-30','Sound Issue > Audio does not play',1,'2022-09-28 19:37:06','2022-10-03 10:27:09',0,63,2,'',NULL,NULL,NULL,NULL,NULL,NULL,'US',NULL),
(26,'test','test','yruxwork@gmail.com','1231',1,1,8,'123','2021-12-30','Sound Issue > Audio does not play',1,'2022-09-28 19:42:16','2022-10-03 09:56:36',0,56,3,'OOW',NULL,NULL,NULL,NULL,NULL,NULL,'US',NULL),
(27,'test','test','yruxwor1k@gmail.com','1231',1,1,8,'123','2021-12-30','Sound Issue > Audio does not play',1,'2022-09-28 19:42:34','2022-09-28 19:42:34',0,56,0,NULL,NULL,NULL,NULL,NULL,NULL,NULL,'US',NULL),
(28,'test','test','webnhub@gmail.com','1231',1,1,8,'123','2021-12-30','Sound Issue > Audio does not play',1,'2022-09-28 19:42:48','2022-09-28 19:42:48',0,56,0,NULL,NULL,NULL,NULL,NULL,NULL,NULL,'US',NULL),
(29,'test','test','webnhub@gmail.com','1231',1,1,8,'123','2021-12-30','Sound Issue > Audio does not play',1,'2022-09-28 19:46:20','2022-10-13 20:24:01',0,70,2,'',NULL,NULL,'10001',NULL,NULL,NULL,'US',NULL),
(30,'test','test','webnhub1@gmail.com','1231',1,1,8,'123','2021-12-30','Sound Issue > Audio does not play',1,'2022-09-28 19:46:34','2022-10-13 19:02:13',0,NULL,2,'',NULL,NULL,'90220',NULL,NULL,NULL,'US',NULL),
(31,'test','test','yruxwork@gmail.com','123123',1,1,8,'12313','2022-10-02','Sound Issue > Low Volume',1,'2022-10-03 10:54:59','2022-10-03 11:19:15',0,63,2,'',NULL,NULL,NULL,NULL,NULL,NULL,'US',NULL),
(38,'dev',NULL,'yruxwork@gmail.com','19293621935',1,1,8,'MIS152BULT',NULL,'',2,'2022-10-05 21:09:17','2022-10-05 21:09:17',0,NULL,0,NULL,NULL,NULL,NULL,NULL,NULL,NULL,'US',NULL),
(39,'dev','test','yruxwork@gmail.com','19293621935',1,1,8,'MIS152BULT',NULL,'',2,'2022-10-05 21:11:01','2022-10-05 21:11:01',0,NULL,0,NULL,NULL,NULL,NULL,NULL,NULL,NULL,'US',NULL),
(40,'dev','test','yruxwork@gmail.com','19293621935',1,1,8,'MIS152BULT',NULL,'',2,'2022-10-05 22:15:56','2022-10-05 22:15:56',0,NULL,0,NULL,NULL,NULL,NULL,NULL,NULL,NULL,'US',NULL),
(41,'dev','test','yruxwork@gmail.com','19293621935',1,1,8,'MIS152BULT',NULL,'',2,'2022-10-05 22:17:21','2022-10-05 23:34:05',0,64,6,NULL,NULL,NULL,NULL,NULL,NULL,NULL,'US',NULL),
(42,'asdasdsad','asdasdasd','adsadasd@gmail.com','0123123123',1,1,8,'MIS152BULT',NULL,'',2,'2022-10-05 22:17:40','2022-10-05 22:17:40',0,65,0,NULL,NULL,NULL,NULL,NULL,NULL,NULL,'US',NULL),
(43,'dev','test','yruxwork@gmail.com','19293621935',1,1,17,'MIS152BULTs',NULL,'',2,'2022-10-05 23:34:44','2022-10-05 23:41:49',0,64,5,NULL,NULL,NULL,NULL,NULL,NULL,NULL,'US',NULL),
(44,'dev','test','yruxwork@gmail.com','19293621935',1,1,17,'MIS152BULTs',NULL,'',2,'2022-10-05 23:34:50','2022-10-05 23:34:50',0,65,0,NULL,NULL,NULL,NULL,NULL,NULL,NULL,'US',NULL),
(45,'dev','test','yruxwork@gmail.com','19293621935',1,1,8,'MIS152BULT',NULL,'',2,'2022-10-05 23:43:15','2022-10-06 22:12:19',0,64,6,NULL,NULL,NULL,NULL,NULL,NULL,NULL,'US',NULL),
(46,'dev','test','yruxwork@gmail.com','19293621935',1,1,8,'MIS152BULT',NULL,'',2,'2022-10-05 23:43:21','2022-10-05 23:43:21',0,65,0,NULL,NULL,NULL,NULL,NULL,NULL,NULL,'US',NULL),
(47,'dev','test','yruxwork@gmail.com','19293621935',1,1,8,'MIS152BULT',NULL,'',2,'2022-10-06 22:14:48','2022-10-06 22:14:48',0,64,0,NULL,NULL,NULL,NULL,NULL,NULL,NULL,'US',NULL),
(48,'dev','test','yruxwork@gmail.com','19293621935',1,1,8,'MIS152BULT',NULL,'',2,'2022-10-06 22:14:58','2022-10-12 17:38:18',0,65,1,NULL,NULL,NULL,'10001',NULL,NULL,NULL,'US',NULL),
(49,'test','test','webnhub1@gmail.com','1231',1,1,8,'123','2021-12-30','Sound Issue > Audio does not play',1,'2022-10-11 19:39:16','2022-10-11 19:39:16',0,NULL,0,NULL,NULL,NULL,NULL,NULL,NULL,NULL,'US',NULL),
(50,'test','test','webnhub1@gmail.com','1231',1,1,8,'123','2021-12-30','Sound Issue > Audio does not play',1,'2022-10-11 19:43:35','2022-10-11 19:43:35',0,56,0,NULL,NULL,NULL,NULL,NULL,NULL,'','US',NULL),
(51,'test','test','webnhub1@gmail.com','1231',1,1,8,'123','2021-12-30','Sound Issue > Audio does not play',1,'2022-10-11 19:44:54','2022-10-11 19:44:54',0,56,0,NULL,NULL,NULL,NULL,NULL,NULL,'CF51','US',NULL),
(52,'test','test','webnhub1@gmail.com','1231',1,1,8,'123','2021-12-30','Sound Issue > Audio does not play',1,'2022-10-11 22:06:02','2022-10-11 22:06:02',0,56,0,NULL,NULL,NULL,NULL,NULL,NULL,'CF52','US','WARRANTY CLAIM #CF52'),
(53,'test','test','webnhub1@gmail.com','1231',1,1,8,'123','2021-12-30','Sound Issue > Audio does not play',1,'2022-10-11 23:01:09','2022-10-11 23:01:09',0,56,0,NULL,NULL,NULL,NULL,NULL,NULL,'CF53','US','WARRANTY CLAIM #CF53'),
(54,'test','test','webnhub1@gmail.com','1231',1,1,8,'123','2021-12-30','Sound Issue > Audio does not play',1,'2022-10-11 23:01:20','2022-10-11 23:01:20',0,56,0,NULL,NULL,NULL,NULL,NULL,NULL,'CF54','US','WARRANTY CLAIM #CF54'),
(55,'dev','test','yruxwork@gmail.com','19293621935',1,1,17,'123123','2022-10-12','Sound Issue > Low Volume',3,'2022-10-18 01:01:37','2022-10-18 01:01:37',0,NULL,0,NULL,NULL,NULL,NULL,NULL,NULL,'PS55','US','PARTS REQUEST #PS55'),
(56,'dev','test','yruxwork@gmail.com','19293621935',1,1,17,'123123','2022-10-12','Sound Issue > Low Volume',3,'2022-10-18 01:01:43','2022-10-18 01:01:43',0,NULL,0,NULL,NULL,NULL,NULL,NULL,NULL,'PS56','US','PARTS REQUEST #PS56'),
(57,'dev','test','yruxwork@gmail.com','19293621935',1,1,17,'123123','2022-10-12','Sound Issue > Low Volume',3,'2022-10-18 01:02:36','2022-10-18 01:02:36',0,NULL,0,NULL,NULL,NULL,NULL,NULL,NULL,'PS57','US','PARTS REQUEST #PS57'),
(58,'dev','test','yruxwork@gmail.com','19293621935',1,1,17,'123213','2022-10-12','Sound Issue > Low Volume',3,'2022-10-18 01:05:37','2022-10-18 01:05:37',0,71,0,NULL,NULL,NULL,NULL,NULL,NULL,'PS58','US','PARTS REQUEST #PS58'),
(59,'dev','test','yruxwork@gmail.com','19293621935',1,1,17,'123123','2022-10-25','Sound Issue > Low Volume',3,'2022-10-18 01:09:02','2022-10-18 01:09:02',0,71,0,NULL,NULL,NULL,NULL,NULL,NULL,'PS59','US','PARTS REQUEST #PS59'),
(60,'dev','test','yruxwork@gmail.com','19293621935',1,1,17,'123123','2022-10-25','Sound Issue > Low Volume',3,'2022-10-18 01:10:32','2022-10-18 01:10:32',0,71,0,NULL,NULL,NULL,NULL,NULL,NULL,'PS60','US','PARTS REQUEST #PS60');

/*Table structure for table `users` */

DROP TABLE IF EXISTS `users`;

CREATE TABLE `users` (
  `id` int(11) NOT NULL AUTO_INCREMENT,
  `name` varchar(255) NOT NULL,
  `email` varchar(255) NOT NULL,
  `password` varchar(200) NOT NULL,
  `created_at` timestamp NOT NULL DEFAULT current_timestamp(),
  `updated_at` timestamp NOT NULL DEFAULT current_timestamp() ON UPDATE current_timestamp(),
  `role_id` int(11) NOT NULL DEFAULT 0,
  `remember_token` varchar(255) DEFAULT NULL,
  `email_verified_at` timestamp NULL DEFAULT NULL,
  `address` varchar(555) DEFAULT NULL,
  `city` varchar(255) DEFAULT NULL,
  `zip_code` varchar(10) DEFAULT NULL,
  `latitude` varchar(100) NOT NULL,
  `longitude` varchar(100) DEFAULT NULL,
  PRIMARY KEY (`id`),
  KEY `user_role_id_index` (`role_id`),
  CONSTRAINT `users_ibfk_2` FOREIGN KEY (`role_id`) REFERENCES `roles` (`id`)
) ENGINE=InnoDB AUTO_INCREMENT=72 DEFAULT CHARSET=utf8mb4;

/*Data for the table `users` */

insert  into `users`(`id`,`name`,`email`,`password`,`created_at`,`updated_at`,`role_id`,`remember_token`,`email_verified_at`,`address`,`city`,`zip_code`,`latitude`,`longitude`) values 
(52,'Admin','admin@project.com','$2y$10$ciRzvjIOmC3bf9ZcmIw1JuVb286SxZbAJDvqe8jnsgpEWDLanacSa','2022-01-25 11:15:07','2022-08-19 12:04:13',1,NULL,'2022-01-25 11:15:06',NULL,NULL,NULL,'',NULL),
(53,'S Admin','sadmin@project.com','$2y$10$ciRzvjIOmC3bf9ZcmIw1JuVb286SxZbAJDvqe8jnsgpEWDLanacSa','2022-01-25 14:48:58','2022-08-19 12:04:16',1,NULL,NULL,NULL,NULL,NULL,'',NULL),
(56,'warranty','warranty@project.com','$2y$10$ciRzvjIOmC3bf9ZcmIw1JuVb286SxZbAJDvqe8jnsgpEWDLanacSa','2022-09-28 18:03:38','2022-09-28 11:49:41',14,NULL,NULL,NULL,NULL,NULL,'',NULL),
(57,'test test','yruxwork@gmail.com','$2y$10$ndAZvA3Lu1LISyZ8wt6CP.rvHIPizypdWGFoez.LRgatDL3/.yKP6','2022-09-28 19:34:37','2022-09-28 19:34:37',2,NULL,NULL,NULL,NULL,NULL,'',NULL),
(58,'test test','yruxwor1k@gmail.com','$2y$10$67lX5GVtMejtBK/1FA891uE4x4HV1cqpVNjB2UpYyQdAmS.tbrnu.','2022-09-28 19:42:34','2022-09-28 19:42:34',2,NULL,NULL,NULL,NULL,NULL,'',NULL),
(59,'test test','webnhub@gmail.com','$2y$10$xlClt7gac1RunMLe.qXzsOMXY1CSG87XkYXDNgWAjiUHxmp2Ti30.','2022-09-28 19:42:48','2022-09-28 19:42:48',2,NULL,NULL,NULL,NULL,NULL,'',NULL),
(60,'test test','webnhub1@gmail.com','$2y$10$zOA.mnYu2oDzNjAnAAmHBu2t/LZk2Hx6zlJmt4nSwe1N6Hw1MlEAi','2022-09-28 19:46:35','2022-09-28 19:46:35',2,NULL,NULL,NULL,NULL,NULL,'',NULL),
(62,'US Warehouse','uswarehouse@gmail.com','$2y$10$YCP3UFRUbE14jqkhoeOVNOQpXnad/wGwxVRgatfrVCAYVIBP.oxW6','2022-10-03 10:04:23','2022-10-03 10:04:23',17,NULL,NULL,NULL,NULL,NULL,'',NULL),
(63,'CA Warehouse','cawarehouse@gmail.com','$2y$10$sRgN0AlG/zdRygh1hCfB6e75kdUN0KnSz6alf450MhhDx3VjbQN6O','2022-10-03 10:04:43','2022-10-03 10:04:43',17,NULL,NULL,NULL,NULL,NULL,'',NULL),
(64,'Tech 1','tech1@gmail.com','$2y$10$sRgN0AlG/zdRygh1hCfB6e75kdUN0KnSz6alf450MhhDx3VjbQN6O','2022-10-03 10:04:43','2022-10-03 10:04:43',25,NULL,NULL,NULL,NULL,NULL,'',NULL),
(65,'Tech 2','tech2@gmail.com','$2y$10$sRgN0AlG/zdRygh1hCfB6e75kdUN0KnSz6alf450MhhDx3VjbQN6O','2022-10-03 10:04:43','2022-10-03 10:04:43',25,NULL,NULL,NULL,NULL,NULL,'',NULL),
(68,'replacement','replacement@gmail.com','$2y$10$sRgN0AlG/zdRygh1hCfB6e75kdUN0KnSz6alf450MhhDx3VjbQN6O','2022-10-03 10:04:43','2022-10-11 14:14:57',18,NULL,NULL,NULL,NULL,NULL,'',NULL),
(69,'refund','refund@gmail.com','$2y$10$sRgN0AlG/zdRygh1hCfB6e75kdUN0KnSz6alf450MhhDx3VjbQN6O','2022-10-03 10:04:43','2022-10-11 14:14:57',19,NULL,NULL,NULL,NULL,NULL,'',NULL),
(70,'asc','asc@gmail.com','$2y$10$sRgN0AlG/zdRygh1hCfB6e75kdUN0KnSz6alf450MhhDx3VjbQN6O','2022-10-03 10:04:43','2022-10-11 14:14:57',20,NULL,NULL,NULL,NULL,NULL,'',NULL),
(71,'parts','parts@gmail.com','$2y$10$sRgN0AlG/zdRygh1hCfB6e75kdUN0KnSz6alf450MhhDx3VjbQN6O','2022-10-03 10:04:43','2022-10-11 14:14:57',26,NULL,NULL,NULL,NULL,NULL,'',NULL);

/*!40101 SET SQL_MODE=@OLD_SQL_MODE */;
/*!40014 SET FOREIGN_KEY_CHECKS=@OLD_FOREIGN_KEY_CHECKS */;
/*!40014 SET UNIQUE_CHECKS=@OLD_UNIQUE_CHECKS */;
/*!40111 SET SQL_NOTES=@OLD_SQL_NOTES */;
